A00307076,10481,EDU,EDU221
A00307076,10553,AIMS,AIMS091
A00307076,10188,AST,AST101
A00315752,10548,EDU,EDU275
A00315752,10188,AST,AST101
A00315752,10553,AIMS,AIMS091
A00315752,10527,AIMS,AIMS250
A00315752,10549,EDU,EDU275
A00272664,10006,ECO,ECO202
A00272664,10166,PSY,PSY101
A00272664,10188,AST,AST101
A00304096,10478,COM,COM115
A00307320,10140,CSC,CSC119
A00314276,10246,BIO,BIO105
A00314276,10003,ANT,ANT101
A00329801,10474,CIO,CIO076
A00310329,10326,NUA,NUA101
A00310329,10061,HWE,HWE100
A00310329,10333,NUA,NUA170
A00323300,10209,HPR,HPR112
A00281863,10006,ECO,ECO202
A00281863,10268,PHI,PHI113
A00300649,10438,WEL,WEL230
A00300649,10449,WEL,WEL231
A00329514,10191,CHE,CHE101
A00318099,10066,HWE,HWE100
A00137159,10074,MAT,MAT121
A00303392,10289,BIO,BIO106
A00307083,10032,BTE,BTE111
A00307083,10209,HPR,HPR112
A00316072,10133,COM,COM115
A00316072,10015,HIS,HIS225
A00314488,10265,PHI,PHI111
A00314488,10034,POS,POS111
A00328044,10474,CIO,CIO076
A00303491,10110,ENG,ENG121
A00237086,10531,HPR,HPR178
A00325560,10057,MAT,MAT107
A00325560,10245,BIO,BIO105
A00304684,10050,MAT,MAT121
A00173507,10236,AAA,AAA090
A00284248,10051,MAT,MAT050
A00181827,10271,HPR,HPR137
A00137147,10105,EMS,EMS280
A00137147,10107,EMS,EMS281
A00329123,10420,ELT,ELT258
A00285842,10082,CIS,CIS118
A00298348,10165,PSY,PSY101
A00183317,10034,POS,POS111
A00303263,10108,ENG,ENG121
A00303263,10236,AAA,AAA090
A00303263,10051,MAT,MAT050
A00317295,10030,BTE,BTE108
A00302590,10039,BTE,BTE255
A00312712,10170,PSY,PSY235
A00312712,10133,COM,COM115
A00298517,10168,PSY,PSY102
A00298517,10140,CSC,CSC119
A00327803,10369,AAA,AAA090
A00327803,10091,CIS,CIS118
A00327803,10057,MAT,MAT107
A00308444,10256,HUM,HUM115
A00308444,10265,PHI,PHI111
A00322203,10047,BUS,BUS216
A00322203,10040,BUS,BUS115
A00322203,10010,HIS,HIS101
A00297286,10479,GEO,GEO105
A00303852,10479,GEO,GEO105
A00308330,10373,AVT,AVT202
A00315895,10326,NUA,NUA101
A00315895,10333,NUA,NUA170
A00320285,10479,GEO,GEO105
A00304090,10551,BUS,BUS226
A00304090,10046,BUS,BUS216
A00304090,10071,ACC,ACC122
A00319915,10022,PED,PED140
A00322640,10024,PED,PED143
A00328232,10481,EDU,EDU221
A00328232,10037,SOC,SOC218
A00328232,10246,BIO,BIO105
A00330139,10024,PED,PED143
A00059966,10024,PED,PED143
A00307324,10256,HUM,HUM115
A00307324,10188,AST,AST101
A00328721,10197,RTE,RTE250
A00268591,10365,ECE,ECE111
A00263595,10335,ART,ART207
A00263595,10169,PSY,PSY235
A00263595,10199,GEY,GEY111
A00263595,10296,MUS,MUS141
A00329116,10550,MAT,MAT135
A00276316,10009,HIS,HIS101
A00276316,10399,SPA,SPA101
A00276324,10236,AAA,AAA090
A00276324,10051,MAT,MAT050
A00093650,10010,HIS,HIS101
A00093650,10403,ASL,ASL101
A00325910,10108,ENG,ENG121
A00325910,10125,COM,COM115
A00325910,10500,AIMS,AIMS1111
A00318319,10386,PSY,PSY101
A00311394,10271,HPR,HPR137
A00317944,10006,ECO,ECO202
A00298066,10076,MAT,MAT201
A00306489,10238,BIO,BIO111
A00306489,10301,NUA,NUA101
A00306489,10277,HPR,HPR178
A00306489,10328,NUA,NUA170
A00324840,10277,HPR,HPR178
A00324840,10166,PSY,PSY101
A00307104,10056,MAT,MAT055
A00307104,10041,BUS,BUS115
A00116346,10044,PED,PED163
A00310558,10091,CIS,CIS118
A00310558,10110,ENG,ENG121
A00306125,10555,ENG,ENG122
A00309903,10003,ANT,ANT101
A00309903,10037,SOC,SOC218
A00309903,10168,PSY,PSY102
A00309903,10202,PHY,PHY105
A00277394,10266,PHI,PHI112
A00277394,10118,ENG,ENG122
A00277394,10011,HIS,HIS102
A00310789,10147,ART,ART139
A00310789,10322,ART,ART121
A00329744,10090,ENG,ENG121
A00264766,10107,EMS,EMS281
A00264766,10105,EMS,EMS280
A00329074,10420,ELT,ELT258
A00317426,10247,ASE,ASE235
A00317426,10243,ASE,ASE231
A00317426,10244,ASE,ASE233
A00322921,10061,HWE,HWE100
A00322921,10053,MAT,MAT050
A00322894,10273,MAT,MAT107
A00328088,10011,HIS,HIS102
A00328088,10119,ENG,ENG122
A00307906,10145,ART,ART139
A00307906,10261,HUM,HUM122
A00309105,10540,MAT,MAT121
A00315470,10054,MAT,MAT055
A00316938,10034,POS,POS111
A00316938,10003,ANT,ANT101
A00316938,10141,ART,ART139
A00322952,10135,ENG,ENG221
A00322952,10337,ART,ART221
A00205444,10052,MAT,MAT050
A00205444,10258,HWE,HWE100
A00269533,10318,ART,ART110
A00269533,10016,HIS,HIS225
A00269533,10384,PSY,PSY101
A00306630,10036,SOC,SOC101
A00306630,10127,COM,COM125
A00324811,10289,BIO,BIO106
A00311482,10147,ART,ART139
A00323889,10127,COM,COM125
A00323889,10329,NUA,NUA170
A00323889,10276,HPR,HPR178
A00323889,10302,NUA,NUA101
A00314649,10478,COM,COM115
A00326242,10480,LIT,LIT255
A00326242,10012,HIS,HIS121
A00330786,10564,CIO,CIO076
A00322695,10316,ART,ART110
A00322695,10081,CIS,CIS118
A00322695,10349,COM,COM125
A00325082,10109,ENG,ENG121
A00325082,10416,HWE,HWE111
A00325082,10258,HWE,HWE100
A00325082,10531,HPR,HPR178
A00328214,10092,CCR,CCR094
A00328214,10014,HIS,HIS122
A00328214,10089,ENG,ENG121
A00318272,10256,HUM,HUM115
A00318272,10276,HPR,HPR178
A00319709,10151,JOU,JOU105
A00308890,10140,CSC,CSC119
A00319081,10256,HUM,HUM115
A00319081,10016,HIS,HIS225
A00309498,10266,PHI,PHI112
A00309498,10165,PSY,PSY101
A00309498,10403,ASL,ASL101
A00111899,10012,HIS,HIS121
A00304965,10214,PED,PED102
A00304965,10178,PED,PED143
A00311491,10322,ART,ART121
A00319788,10534,ENG,ENG121
A00319788,10535,CCR,CCR094
A00210251,10216,ASE,ASE170
A00210251,10215,ASE,ASE101
A00210251,10221,ASE,ASE111
A00210251,10220,ASE,ASE123
A00210251,10219,ASE,ASE110
A00210251,10218,ASE,ASE122
A00210251,10217,ASE,ASE120
A00259777,10074,MAT,MAT121
A00310489,10088,CCR,CCR092
A00305712,10100,EMS,EMS124
A00305712,10096,EMS,EMS122
A00305712,10103,EMS,EMS170
A00305712,10094,EMS,EMS121
A00305712,10098,EMS,EMS123
A00295937,10143,MGD,MGD280
A00323453,10478,COM,COM115
A00267195,10328,NUA,NUA170
A00267195,10238,BIO,BIO111
A00267195,10301,NUA,NUA101
A00310148,10242,BIO,BIO202
A00322437,10147,ART,ART139
A00322437,10181,PED,PED128
A00322437,10480,LIT,LIT255
A00322437,10322,ART,ART121
A00308751,10555,ENG,ENG122
A00308751,10276,HPR,HPR178
A00066173,10271,HPR,HPR137
A00066173,10003,ANT,ANT101
A00323565,10513,AIMS,AIMS1135
A00323565,10017,POS,POS105
A00323565,10202,PHY,PHY105
A00323565,10494,AIMS,AIMS1105
A00323565,10488,AIMS,AIMS1089
A00328124,10093,EMS,EMS121
A00236663,10494,AIMS,AIMS1105
A00312065,10065,ACC,ACC121
A00312065,10063,MAT,MAT121
A00299932,10166,PSY,PSY101
A00299932,10335,ART,ART207
A00299932,10118,ENG,ENG122
A00299932,10036,SOC,SOC101
A00304708,10120,COM,COM115
A00304708,10270,MUS,MUS120
A00304708,10052,MAT,MAT050
A00304708,10165,PSY,PSY101
A00312476,10250,ASE,ASE240
A00312476,10248,ASE,ASE141
A00312476,10254,ASE,ASE151
A00312476,10252,ASE,ASE210
A00312476,10251,ASE,ASE265
A00301378,10034,POS,POS111
A00301378,10091,CIS,CIS118
A00301378,10057,MAT,MAT107
A00315150,10170,PSY,PSY235
A00305980,10037,SOC,SOC218
A00305980,10067,MAT,MAT122
A00305980,10265,PHI,PHI111
A00307170,10017,POS,POS105
A00307170,10173,PED,PED104
A00307170,10270,MUS,MUS120
A00296065,10259,HUM,HUM121
A00316111,10553,AIMS,AIMS091
A00316111,10518,AIMS,AIMS1148
A00316111,10064,MAT,MAT121
A00303182,10540,MAT,MAT121
A00285414,10386,PSY,PSY101
A00285414,10111,ENG,ENG121
A00285414,10135,ENG,ENG221
A00285414,10369,AAA,AAA090
A00301590,10277,HPR,HPR178
A00301590,10266,PHI,PHI112
A00298554,10004,ANT,ANT107
A00298554,10270,MUS,MUS120
A00298554,10042,DAN,DAN131
A00304124,10067,MAT,MAT122
A00324756,10277,HPR,HPR178
A00324756,10166,PSY,PSY101
A00329435,10318,ART,ART110
A00329435,10014,HIS,HIS122
A00329435,10508,AIMS,AIMS1130
A00329435,10239,AAA,AAA090
A00329435,10040,BUS,BUS115
A00270078,10009,HIS,HIS101
A00322753,10167,PSY,PSY102
A00322753,10087,CIS,CIS118
A00288884,10067,MAT,MAT122
A00322741,10539,ENG,ENG121
A00322741,10196,PED,PED104
A00324484,10297,HPR,HPR180
A00319526,10089,ENG,ENG121
A00319526,10053,MAT,MAT050
A00319526,10092,CCR,CCR094
A00309985,10036,SOC,SOC101
A00309985,10079,HPR,HPR108
A00328611,10539,ENG,ENG121
A00328611,10245,BIO,BIO105
A00311795,10195,RTE,RTE183
A00238512,10069,MAT,MAT155
A00308201,10387,PSY,PSY249
A00308201,10540,MAT,MAT121
A00326716,10384,PSY,PSY101
A00326716,10108,ENG,ENG121
A00326716,10091,CIS,CIS118
A00326716,10500,AIMS,AIMS1111
A00035267,10269,PHI,PHI114
A00314296,10383,MOT,MOT280
A00314296,10061,HWE,HWE100
A00326506,10196,PED,PED104
A00319785,10392,EMS,EMS127
A00319785,10417,EMS,EMS135
A00319785,10391,EMS,EMS130
A00319785,10396,EMS,EMS171
A00319785,10393,EMS,EMS129
A00319785,10394,EMS,EMS131
A00319785,10395,EMS,EMS133
A00326760,10476,CIO,CIO076
A00322125,10388,PSY,PSY238
A00322125,10540,MAT,MAT121
A00315757,10333,NUA,NUA170
A00315757,10326,NUA,NUA101
A00326507,10219,ASE,ASE110
A00326507,10215,ASE,ASE101
A00326507,10216,ASE,ASE170
A00326507,10221,ASE,ASE111
A00292903,10117,ENG,ENG122
A00184781,10065,ACC,ACC121
A00326767,10209,HPR,HPR112
A00318806,10419,EDU,EDU263
A00141144,10012,HIS,HIS121
A00141144,10007,ECO,ECO201
A00312146,10202,PHY,PHY105
A00312146,10368,AVT,AVT112
A00275926,10215,ASE,ASE101
A00275926,10216,ASE,ASE170
A00298352,10017,POS,POS105
A00298352,10270,MUS,MUS120
A00323561,10040,BUS,BUS115
A00323561,10010,HIS,HIS101
A00212758,10076,MAT,MAT201
A00278029,10567,ASE,ASE275
A00278029,10545,ASE,ASE275
A00328872,10129,COM,COM125
A00328872,10006,ECO,ECO202
A00248708,10373,AVT,AVT202
A00248708,10110,ENG,ENG121
A00313906,10066,HWE,HWE100
A00313906,10169,PSY,PSY235
A00329849,10011,HIS,HIS102
A00328656,10387,PSY,PSY249
A00202444,10245,BIO,BIO105
A00288354,10126,COM,COM125
A00288354,10140,CSC,CSC119
A00322975,10042,DAN,DAN131
A00314904,10056,MAT,MAT055
A00314998,10016,HIS,HIS225
A00315301,10265,PHI,PHI111
A00315301,10335,ART,ART207
A00315301,10190,AST,AST102
A00258098,10273,MAT,MAT107
A00319452,10478,COM,COM115
A00298504,10194,GEY,GEY111
A00298504,10349,COM,COM125
A00322207,10159,RTV,RTV242
A00322207,10154,MGD,MGD164
A00322207,10540,MAT,MAT121
A00288532,10258,HWE,HWE100
A00309028,10188,AST,AST101
A00197428,10349,COM,COM125
A00323366,10416,HWE,HWE111
A00323366,10270,MUS,MUS120
A00323366,10022,PED,PED140
A00315137,10076,MAT,MAT201
A00295675,10528,ECE,ECE112
A00326535,10202,PHY,PHY105
A00310519,10154,MGD,MGD164
A00310519,10322,ART,ART121
A00219594,10087,CIS,CIS118
A00319927,10006,ECO,ECO202
A00319927,10077,MAT,MAT203
A00324653,10273,MAT,MAT107
A00251818,10042,DAN,DAN131
A00314177,10071,ACC,ACC122
A00314177,10249,BIO,BIO105
A00308378,10169,PSY,PSY235
A00308378,10011,HIS,HIS102
A00268799,10070,HWE,HWE100
A00279360,10234,BIO,BIO105
A00279360,10050,MAT,MAT121
A00279360,10011,HIS,HIS102
A00328623,10101,EMS,EMS170
A00328623,10099,EMS,EMS124
A00328623,10093,EMS,EMS121
A00328623,10095,EMS,EMS122
A00328623,10097,EMS,EMS123
A00323697,10513,AIMS,AIMS1135
A00010422,10549,EDU,EDU275
A00322458,10261,HUM,HUM122
A00322458,10258,HWE,HWE100
A00296732,10335,ART,ART207
A00296732,10091,CIS,CIS118
A00194361,10234,BIO,BIO105
A00194361,10384,PSY,PSY101
A00315763,10319,ART,ART110
A00315763,10129,COM,COM125
A00315763,10111,ENG,ENG121
A00315763,10269,PHI,PHI114
A00329636,10063,MAT,MAT121
A00326055,10416,HWE,HWE111
A00087337,10024,PED,PED143
A00208387,10209,HPR,HPR112
A00328929,10420,ELT,ELT258
A00330079,10141,ART,ART139
A00305811,10245,BIO,BIO105
A00321148,10263,PHI,PHI111
A00321148,10238,BIO,BIO111
A00328806,10242,BIO,BIO202
A00280827,10057,MAT,MAT107
A00311910,10297,HPR,HPR180
A00317941,10165,PSY,PSY101
A00317941,10051,MAT,MAT050
A00317941,10539,ENG,ENG121
A00055294,10214,PED,PED102
A00174448,10349,COM,COM125
A00126317,10214,PED,PED102
A00330766,10564,CIO,CIO076
A00310363,10284,BIO,BIO111
A00310363,10280,HPR,HPR178
A00306623,10012,HIS,HIS121
A00285590,10240,BIO,BIO201
A00311601,10105,EMS,EMS280
A00311601,10107,EMS,EMS281
A00323913,10165,PSY,PSY101
A00323913,10053,MAT,MAT050
A00058312,10024,PED,PED143
A00322509,10386,PSY,PSY101
A00319962,10093,EMS,EMS121
A00194093,10543,MAT,MAT050
A00212240,10011,HIS,HIS102
A00212240,10265,PHI,PHI111
A00328941,10194,GEY,GEY111
A00192025,10558,WEL,WEL177
A00192025,10556,WEL,WEL175
A00316714,10043,PED,PED128
A00316714,10021,PED,PED102
A00308231,10046,BUS,BUS216
A00317037,10103,EMS,EMS170
A00317037,10094,EMS,EMS121
A00317037,10098,EMS,EMS123
A00317037,10096,EMS,EMS122
A00317037,10100,EMS,EMS124
A00322609,10236,AAA,AAA090
A00322609,10536,ENG,ENG121
A00323288,10475,CIO,CIO076
A00305626,10126,COM,COM125
A00305626,10422,AIMS,AIMS091
A00296032,10091,CIS,CIS118
A00326136,10555,ENG,ENG122
A00326136,10036,SOC,SOC101
A00326136,10531,HPR,HPR178
A00311633,10383,MOT,MOT280
A00296224,10037,SOC,SOC218
A00319383,10088,CCR,CCR092
A00319383,10237,AAA,AAA090
A00318605,10318,ART,ART110
A00310761,10476,CIO,CIO076
A00315481,10476,CIO,CIO076
A00318628,10039,BTE,BTE255
A00318628,10416,HWE,HWE111
A00318628,10091,CIS,CIS118
A00303367,10009,HIS,HIS101
A00304500,10040,BUS,BUS115
A00304500,10054,MAT,MAT055
A00268640,10199,GEY,GEY111
A00229586,10202,PHY,PHY105
A00328901,10246,BIO,BIO105
A00298116,10186,AST,AST101
A00118163,10024,PED,PED143
A00319850,10097,EMS,EMS123
A00319850,10095,EMS,EMS122
A00319850,10099,EMS,EMS124
A00319850,10093,EMS,EMS121
A00319850,10101,EMS,EMS170
A00278010,10066,HWE,HWE100
A00308646,10165,PSY,PSY101
A00310945,10009,HIS,HIS101
A00310945,10166,PSY,PSY101
A00319687,10443,WEL,WEL201
A00319687,10432,WEL,WEL110
A00213802,10009,HIS,HIS101
A00213802,10349,COM,COM125
A00330213,10196,PED,PED104
A00315604,10196,PED,PED104
A00249181,10266,PHI,PHI112
A00249181,10269,PHI,PHI114
A00249181,10319,ART,ART110
A00318175,10166,PSY,PSY101
A00318175,10478,COM,COM115
A00324172,10079,HPR,HPR108
A00289074,10140,CSC,CSC119
A00320503,10318,ART,ART110
A00312711,10234,BIO,BIO105
A00312711,10165,PSY,PSY101
A00258166,10476,CIO,CIO076
A00306617,10054,MAT,MAT055
A00327092,10265,PHI,PHI111
A00313612,10186,AST,AST101
A00313612,10047,BUS,BUS216
A00296545,10265,PHI,PHI111
A00308620,10009,HIS,HIS101
A00329973,10476,CIO,CIO076
A00272100,10054,MAT,MAT055
A00326127,10021,PED,PED102
A00297242,10043,PED,PED128
A00326605,10473,CIO,CIO076
A00322137,10076,MAT,MAT201
A00304897,10040,BUS,BUS115
A00304897,10237,AAA,AAA090
A00318422,10069,MAT,MAT155
A00318422,10266,PHI,PHI112
A00328182,10094,EMS,EMS121
A00328182,10096,EMS,EMS122
A00328182,10103,EMS,EMS170
A00328182,10100,EMS,EMS124
A00328182,10098,EMS,EMS123
A00277913,10061,HWE,HWE100
A00277913,10246,BIO,BIO105
A00314029,10398,FST,FST160
A00301979,10279,ASE,ASE252
A00301979,10278,ASE,ASE251
A00325537,10091,CIS,CIS118
A00325537,10165,PSY,PSY101
A00329108,10119,ENG,ENG122
A00202724,10137,MAT,MAT135
A00328945,10364,ECE,ECE103
A00327810,10559,WEL,WEL101
A00327810,10560,WEL,WEL103
A00327810,10561,WEL,WEL100
A00314222,10270,MUS,MUS120
A00314222,10004,ANT,ANT107
A00324180,10199,GEY,GEY111
A00324180,10129,COM,COM125
A00324180,10091,CIS,CIS118
A00324180,10202,PHY,PHY105
A00306303,10256,HUM,HUM115
A00306303,10059,BUS,BUS217
A00310158,10034,POS,POS111
A00310158,10125,COM,COM115
A00323828,10276,HPR,HPR178
A00328700,10302,NUA,NUA101
A00328700,10329,NUA,NUA170
A00318038,10399,SPA,SPA101
A00059838,10087,CIS,CIS118
A00059838,10319,ART,ART110
A00087041,10277,HPR,HPR178
A00087041,10333,NUA,NUA170
A00087041,10326,NUA,NUA101
A00328466,10016,HIS,HIS225
A00264755,10103,EMS,EMS170
A00264755,10094,EMS,EMS121
A00264755,10096,EMS,EMS122
A00264755,10098,EMS,EMS123
A00264755,10100,EMS,EMS124
A00258925,10075,MAN,MAN230
A00258925,10030,BTE,BTE108
A00319657,10105,EMS,EMS280
A00319657,10107,EMS,EMS281
A00280949,10167,PSY,PSY102
A00327792,10538,CCR,CCR094
A00327792,10537,ENG,ENG121
A00330775,10564,CIO,CIO076
A00325004,10297,HPR,HPR180
A00201432,10071,ACC,ACC122
A00201432,10064,MAT,MAT121
A00281830,10397,FST,FST280
A00325824,10016,HIS,HIS225
A00325824,10088,CCR,CCR092
A00329530,10006,ECO,ECO202
A00329530,10253,HUM,HUM115
A00329530,10011,HIS,HIS102
A00323095,10428,WEL,WEL103
A00323095,10442,WEL,WEL110
A00074974,10214,PED,PED102
A00147438,10214,PED,PED102
A00329765,10475,CIO,CIO076
A00327969,10197,RTE,RTE250
A00324861,10119,ENG,ENG122
A00324861,10034,POS,POS111
A00324861,10016,HIS,HIS225
A00129009,10383,MOT,MOT280
A00329458,10473,CIO,CIO076
A00280844,10289,BIO,BIO106
A00261666,10046,BUS,BUS216
A00261666,10065,ACC,ACC121
A00261666,10007,ECO,ECO201
A00330776,10564,CIO,CIO076
A00316779,10266,PHI,PHI112
A00316779,10277,HPR,HPR178
A00303956,10478,COM,COM115
A00328663,10057,MAT,MAT107
A00328663,10369,AAA,AAA090
A00297738,10335,ART,ART207
A00261699,10129,COM,COM125
A00261699,10266,PHI,PHI112
A00190949,10245,BIO,BIO105
A00317245,10073,CIS,CIS155
A00317245,10075,MAN,MAN230
A00320897,10237,AAA,AAA090
A00320897,10088,CCR,CCR092
A00306603,10036,SOC,SOC101
A00302433,10036,SOC,SOC101
A00302433,10266,PHI,PHI112
A00284087,10368,AVT,AVT112
A00314822,10041,BUS,BUS115
A00309425,10256,HUM,HUM115
A00309425,10265,PHI,PHI111
A00296611,10034,POS,POS111
A00296611,10165,PSY,PSY101
A00296611,10091,CIS,CIS118
A00028008,10052,MAT,MAT050
A00028008,10237,AAA,AAA090
A00302345,10211,PED,PED143
A00103310,10211,PED,PED143
A00315304,10196,PED,PED104
A00315304,10137,MAT,MAT135
A00304159,10170,PSY,PSY235
A00304159,10070,HWE,HWE100
A00327144,10022,PED,PED140
A00317461,10297,HPR,HPR180
A00277146,10273,MAT,MAT107
A00312365,10465,WEL,WEL202
A00312365,10453,WEL,WEL201
A00272628,10166,PSY,PSY101
A00272628,10012,HIS,HIS121
A00272628,10109,ENG,ENG121
A00272628,10319,ART,ART110
A00312951,10010,HIS,HIS101
A00312951,10249,BIO,BIO105
A00319361,10059,BUS,BUS217
A00329371,10555,ENG,ENG122
A00329371,10269,PHI,PHI114
A00328978,10269,PHI,PHI114
A00328978,10012,HIS,HIS121
A00243965,10141,ART,ART139
A00273881,10425,FST,FST151
A00273881,10426,FST,FST203
A00234010,10151,JOU,JOU105
A00234010,10145,ART,ART139
A00184336,10388,PSY,PSY238
A00329015,10093,EMS,EMS121
A00329015,10099,EMS,EMS124
A00329015,10101,EMS,EMS170
A00329015,10095,EMS,EMS122
A00329015,10097,EMS,EMS123
A00322796,10070,HWE,HWE100
A00322796,10289,BIO,BIO106
A00322008,10249,BIO,BIO105
A00322008,10169,PSY,PSY235
A00328500,10087,CIS,CIS118
A00328500,10236,AAA,AAA090
A00328874,10333,NUA,NUA170
A00328874,10326,NUA,NUA101
A00310173,10007,ECO,ECO201
A00310173,10046,BUS,BUS216
A00315588,10543,MAT,MAT050
A00315588,10009,HIS,HIS101
A00319980,10135,ENG,ENG221
A00319980,10003,ANT,ANT101
A00319980,10013,HIS,HIS121
A00321380,10016,HIS,HIS225
A00259098,10091,CIS,CIS118
A00310934,10165,PSY,PSY101
A00310934,10140,CSC,CSC119
A00307233,10167,PSY,PSY102
A00311080,10077,MAT,MAT203
A00184082,10550,MAT,MAT135
A00184082,10119,ENG,ENG122
A00184082,10122,COM,COM115
A00184082,10054,MAT,MAT055
A00301821,10125,COM,COM115
A00301821,10041,BUS,BUS115
A00280069,10259,HUM,HUM121
A00237146,10199,GEY,GEY111
A00237146,10117,ENG,ENG122
A00237146,10129,COM,COM125
A00329420,10093,EMS,EMS121
A00329420,10095,EMS,EMS122
A00329420,10097,EMS,EMS123
A00329420,10101,EMS,EMS170
A00329420,10099,EMS,EMS124
A00309241,10326,NUA,NUA101
A00309241,10333,NUA,NUA170
A00328912,10550,MAT,MAT135
A00328912,10249,BIO,BIO105
A00329214,10012,HIS,HIS121
A00273868,10137,MAT,MAT135
A00273868,10066,HWE,HWE100
A00323981,10053,MAT,MAT050
A00323981,10166,PSY,PSY101
A00110089,10069,MAT,MAT155
A00110089,10480,LIT,LIT255
A00110089,10553,AIMS,AIMS091
A00202543,10057,MAT,MAT107
A00202543,10041,BUS,BUS115
A00301204,10528,ECE,ECE112
A00097193,10141,ART,ART139
A00279432,10236,AAA,AAA090
A00279432,10051,MAT,MAT050
A00328762,10111,ENG,ENG121
A00328762,10066,HWE,HWE100
A00296140,10011,HIS,HIS102
A00317634,10089,ENG,ENG121
A00317634,10237,AAA,AAA090
A00317634,10092,CCR,CCR094
A00329943,10398,FST,FST160
A00307067,10053,MAT,MAT050
A00319739,10478,COM,COM115
A00311421,10391,EMS,EMS130
A00311421,10398,FST,FST160
A00311421,10079,HPR,HPR108
A00305914,10270,MUS,MUS120
A00305914,10006,ECO,ECO202
A00294766,10202,PHY,PHY105
A00294766,10238,BIO,BIO111
A00310681,10138,BUS,BUS226
A00310681,10046,BUS,BUS216
A00322775,10047,BUS,BUS216
A00322775,10316,ART,ART110
A00322775,10050,MAT,MAT121
A00322775,10040,BUS,BUS115
A00318688,10196,PED,PED104
A00221060,10044,PED,PED163
A00012874,10178,PED,PED143
A00012874,10044,PED,PED163
A00175584,10137,MAT,MAT135
A00175584,10066,HWE,HWE100
A00320449,10243,ASE,ASE231
A00320449,10229,ASE,ASE221
A00320449,10247,ASE,ASE235
A00320449,10244,ASE,ASE233
A00296344,10289,BIO,BIO106
A00289234,10393,EMS,EMS129
A00289234,10417,EMS,EMS135
A00289234,10392,EMS,EMS127
A00289234,10394,EMS,EMS131
A00289234,10395,EMS,EMS133
A00289234,10396,EMS,EMS171
A00202580,10191,CHE,CHE101
A00149128,10024,PED,PED143
A00307250,10492,AIMS,AIMS1103
A00307250,10480,LIT,LIT255
A00328586,10273,MAT,MAT107
A00328586,10239,AAA,AAA090
A00317031,10009,HIS,HIS101
A00317031,10168,PSY,PSY102
A00324685,10126,COM,COM125
A00324685,10087,CIS,CIS118
A00320132,10168,PSY,PSY102
A00298640,10041,BUS,BUS115
A00269609,10384,PSY,PSY101
A00269609,10481,EDU,EDU221
A00269609,10052,MAT,MAT050
A00324689,10365,ECE,ECE111
A00307349,10329,NUA,NUA170
A00307349,10302,NUA,NUA101
A00319518,10273,MAT,MAT107
A00319518,10500,AIMS,AIMS1111
A00329081,10420,ELT,ELT258
A00322234,10179,PED,PED144
A00322234,10079,HPR,HPR108
A00305922,10034,POS,POS111
A00305922,10190,AST,AST102
A00305922,10480,LIT,LIT255
A00305922,10024,PED,PED143
A00302993,10021,PED,PED102
A00302993,10022,PED,PED140
A00302993,10118,ENG,ENG122
A00302993,10190,AST,AST102
A00271132,10280,HPR,HPR178
A00018778,10550,MAT,MAT135
A00317431,10383,MOT,MOT280
A00309628,10192,RTE,RTE183
A00293768,10398,FST,FST160
A00327846,10475,CIO,CIO076
A00319771,10140,CSC,CSC119
A00320514,10054,MAT,MAT055
A00320514,10388,PSY,PSY238
A00320514,10126,COM,COM125
A00319119,10016,HIS,HIS225
A00183464,10037,SOC,SOC218
A00183464,10003,ANT,ANT101
A00183464,10318,ART,ART110
A00326493,10261,HUM,HUM122
A00326493,10012,HIS,HIS121
A00329678,10076,MAT,MAT201
A00305762,10350,AAA,AAA090
A00305762,10054,MAT,MAT055
A00330166,10477,CIO,CIO076
A00322181,10500,AIMS,AIMS1111
A00322181,10481,EDU,EDU221
A00322181,10116,ENG,ENG122
A00282781,10091,CIS,CIS118
A00282781,10030,BTE,BTE108
A00282781,10046,BUS,BUS216
A00329408,10473,CIO,CIO076
A00319056,10289,BIO,BIO106
A00319056,10273,MAT,MAT107
A00305612,10044,PED,PED163
A00310634,10196,PED,PED104
A00212238,10006,ECO,ECO202
A00212238,10063,MAT,MAT121
A00212591,10384,PSY,PSY101
A00325628,10061,HWE,HWE100
A00325628,10276,HPR,HPR178
A00326659,10479,GEO,GEO105
A00303914,10036,SOC,SOC101
A00082415,10047,BUS,BUS216
A00082415,10092,CCR,CCR094
A00082415,10089,ENG,ENG121
A00082415,10014,HIS,HIS122
A00298649,10501,AIMS,AIMS1123
A00314838,10063,MAT,MAT121
A00313509,10119,ENG,ENG122
A00316986,10119,ENG,ENG122
A00316953,10394,EMS,EMS131
A00316953,10417,EMS,EMS135
A00316953,10396,EMS,EMS171
A00316953,10395,EMS,EMS133
A00316953,10393,EMS,EMS129
A00316953,10392,EMS,EMS127
A00316953,10391,EMS,EMS130
A00130932,10211,PED,PED143
A00110936,10140,CSC,CSC119
A00298652,10070,HWE,HWE100
A00298652,10270,MUS,MUS120
A00279117,10071,ACC,ACC122
A00329314,10099,EMS,EMS124
A00329314,10101,EMS,EMS170
A00329314,10097,EMS,EMS123
A00329314,10093,EMS,EMS121
A00329314,10095,EMS,EMS122
A00313106,10127,COM,COM125
A00313106,10531,HPR,HPR178
A00313106,10166,PSY,PSY101
A00301217,10030,BTE,BTE108
A00304628,10079,HPR,HPR108
A00304628,10240,BIO,BIO201
A00264629,10052,MAT,MAT050
A00264629,10194,GEY,GEY111
A00293183,10012,HIS,HIS121
A00293183,10555,ENG,ENG122
A00293183,10388,PSY,PSY238
A00108683,10280,HPR,HPR178
A00224843,10531,HPR,HPR178
A00224843,10167,PSY,PSY102
A00296507,10387,PSY,PSY249
A00300157,10083,CIS,CIS118
A00300157,10318,ART,ART110
A00322362,10478,COM,COM115
A00081178,10326,NUA,NUA101
A00081178,10333,NUA,NUA170
A00174368,10268,PHI,PHI113
A00330784,10564,CIO,CIO076
A00303175,10017,POS,POS105
A00241547,10127,COM,COM125
A00241547,10057,MAT,MAT107
A00308537,10187,RTE,RTE183
A00322289,10256,HUM,HUM115
A00124664,10549,EDU,EDU275
A00124664,10548,EDU,EDU275
A00202583,10194,GEY,GEY111
A00202583,10234,BIO,BIO105
A00284092,10202,PHY,PHY105
A00329163,10152,JOU,JOU106
A00317351,10057,MAT,MAT107
A00317351,10168,PSY,PSY102
A00317351,10021,PED,PED102
A00302163,10054,MAT,MAT055
A00302163,10318,ART,ART110
A00240787,10403,ASL,ASL101
A00240787,10125,COM,COM115
A00312444,10318,ART,ART110
A00312444,10064,MAT,MAT121
A00318651,10470,WEL,WEL231
A00318651,10458,WEL,WEL230
A00328289,10097,EMS,EMS123
A00328289,10099,EMS,EMS124
A00328289,10101,EMS,EMS170
A00328289,10095,EMS,EMS122
A00328289,10093,EMS,EMS121
A00313879,10266,PHI,PHI112
A00313879,10196,PED,PED104
A00313879,10041,BUS,BUS115
A00249342,10064,MAT,MAT121
A00249342,10037,SOC,SOC218
A00249342,10166,PSY,PSY101
A00298263,10383,MOT,MOT280
A00308148,10383,MOT,MOT280
A00221202,10555,ENG,ENG122
A00157761,10036,SOC,SOC101
A00157761,10238,BIO,BIO111
A00300537,10111,ENG,ENG121
A00300537,10202,PHY,PHY105
A00309843,10050,MAT,MAT121
A00309843,10259,HUM,HUM121
A00290366,10188,AST,AST101
A00314546,10140,CSC,CSC119
A00218763,10199,GEY,GEY111
A00291835,10226,ASE,ASE140
A00291835,10225,ASE,ASE264
A00291835,10224,ASE,ASE162
A00291835,10223,ASE,ASE134
A00291835,10222,ASE,ASE130
A00291835,10228,ASE,ASE250
A00291835,10227,ASE,ASE150
A00269254,10047,BUS,BUS216
A00301338,10047,BUS,BUS216
A00328886,10364,ECE,ECE103
A00307285,10070,HWE,HWE100
A00304679,10093,EMS,EMS121
A00304679,10095,EMS,EMS122
A00304679,10101,EMS,EMS170
A00304679,10099,EMS,EMS124
A00304679,10097,EMS,EMS123
A00262304,10108,ENG,ENG121
A00262304,10123,COM,COM115
A00322724,10047,BUS,BUS216
A00313699,10067,MAT,MAT122
A00299621,10422,AIMS,AIMS091
A00299621,10127,COM,COM125
A00321293,10167,PSY,PSY102
A00321293,10526,AIMS,AIMS1173
A00321293,10520,AIMS,AIMS1167
A00321293,10010,HIS,HIS101
A00321293,10004,ANT,ANT107
A00321293,10017,POS,POS105
A00330044,10063,MAT,MAT121
A00312634,10484,AIMS,AIMS1001
A00312634,10129,COM,COM125
A00316237,10133,COM,COM115
A00318852,10010,HIS,HIS101
A00318852,10350,AAA,AAA090
A00292177,10246,BIO,BIO105
A00291525,10365,ECE,ECE111
A00313609,10127,COM,COM125
A00313609,10012,HIS,HIS121
A00309810,10079,HPR,HPR108
A00309810,10388,PSY,PSY238
A00323721,10316,ART,ART110
A00323721,10202,PHY,PHY105
A00304601,10186,AST,AST101
A00304661,10539,ENG,ENG121
A00304661,10263,PHI,PHI111
A00289785,10047,BUS,BUS216
A00289785,10322,ART,ART121
A00289785,10073,CIS,CIS155
A00297427,10246,BIO,BIO105
A00297427,10037,SOC,SOC218
A00301096,10066,HWE,HWE100
A00301096,10256,HUM,HUM115
A00327897,10102,ENG,ENG121
A00327897,10106,CCR,CCR094
A00327897,10239,AAA,AAA090
A00323266,10391,EMS,EMS130
A00329653,10239,AAA,AAA090
A00329653,10543,MAT,MAT050
A00329653,10322,ART,ART121
A00008454,10178,PED,PED143
A00324623,10270,MUS,MUS120
A00324623,10202,PHY,PHY105
A00220889,10073,CIS,CIS155
A00329483,10036,SOC,SOC101
A00315285,10270,MUS,MUS120
A00315285,10480,LIT,LIT255
A00268719,10273,MAT,MAT107
A00329783,10475,CIO,CIO076
A00321824,10259,HUM,HUM121
A00321574,10088,CCR,CCR092
A00322224,10105,EMS,EMS280
A00322224,10107,EMS,EMS281
A00325379,10167,PSY,PSY102
A00323422,10479,GEO,GEO105
A00200107,10073,CIS,CIS155
A00200107,10030,BTE,BTE108
A00200107,10032,BTE,BTE111
A00200107,10091,CIS,CIS118
A00278178,10350,AAA,AAA090
A00278178,10034,POS,POS111
A00187519,10242,BIO,BIO202
A00090938,10022,PED,PED140
A00090938,10041,BUS,BUS115
A00329666,10094,EMS,EMS121
A00329666,10096,EMS,EMS122
A00329666,10098,EMS,EMS123
A00329666,10100,EMS,EMS124
A00329666,10103,EMS,EMS170
A00283315,10391,EMS,EMS130
A00329614,10550,MAT,MAT135
A00329655,10480,LIT,LIT255
A00303299,10333,NUA,NUA170
A00303299,10326,NUA,NUA101
A00325977,10417,EMS,EMS135
A00325977,10395,EMS,EMS133
A00325977,10396,EMS,EMS171
A00325977,10393,EMS,EMS129
A00325977,10392,EMS,EMS127
A00325977,10391,EMS,EMS130
A00325977,10394,EMS,EMS131
A00318040,10075,MAN,MAN230
A00309659,10318,ART,ART110
A00330773,10564,CIO,CIO076
A00313290,10265,PHI,PHI111
A00313290,10259,HUM,HUM121
A00313290,10011,HIS,HIS102
A00330785,10564,CIO,CIO076
A00313427,10122,COM,COM115
A00298681,10209,HPR,HPR112
A00324571,10297,HPR,HPR180
A00304204,10383,MOT,MOT280
A00329938,10477,CIO,CIO076
A00312595,10533,EMS,EMS130
A00233990,10240,BIO,BIO201
A00310388,10065,ACC,ACC121
A00311244,10202,PHY,PHY105
A00308664,10399,SPA,SPA101
A00325170,10473,CIO,CIO076
A00317645,10238,BIO,BIO111
A00317645,10061,HWE,HWE100
A00298684,10036,SOC,SOC101
A00316964,10036,SOC,SOC101
A00316964,10186,AST,AST101
A00329527,10050,MAT,MAT121
A00313840,10387,PSY,PSY249
A00313840,10540,MAT,MAT121
A00303399,10070,HWE,HWE100
A00303399,10008,GEO,GEO105
A00303399,10004,ANT,ANT107
A00307377,10167,PSY,PSY102
A00326691,10475,CIO,CIO076
A00298323,10036,SOC,SOC101
A00298323,10170,PSY,PSY235
A00252394,10238,BIO,BIO111
A00298206,10070,HWE,HWE100
A00298206,10004,ANT,ANT107
A00298206,10008,GEO,GEO105
A00308428,10187,RTE,RTE183
A00319462,10478,COM,COM115
A00315501,10166,PSY,PSY101
A00315501,10319,ART,ART110
A00002606,10213,PED,PED128
A00002606,10022,PED,PED140
A00317483,10333,NUA,NUA170
A00317483,10326,NUA,NUA101
A00255804,10302,NUA,NUA101
A00255804,10053,MAT,MAT050
A00255804,10329,NUA,NUA170
A00329146,10147,ART,ART139
A00187230,10149,FVM,FVM169
A00187230,10253,HUM,HUM115
A00305503,10316,ART,ART110
A00328718,10205,RTE,RTE291
A00328718,10197,RTE,RTE250
A00253178,10063,MAT,MAT121
A00326010,10488,AIMS,AIMS1089
A00328285,10094,EMS,EMS121
A00328285,10096,EMS,EMS122
A00328285,10098,EMS,EMS123
A00328285,10100,EMS,EMS124
A00328285,10103,EMS,EMS170
A00326461,10091,CIS,CIS118
A00326461,10041,BUS,BUS115
A00315843,10063,MAT,MAT121
A00315843,10500,AIMS,AIMS1111
A00315843,10108,ENG,ENG121
A00253413,10408,FRE,FRE111
A00253413,10006,ECO,ECO202
A00253413,10008,GEO,GEO105
A00253413,10007,ECO,ECO201
A00253413,10017,POS,POS105
A00253413,10011,HIS,HIS102
A00322999,10167,PSY,PSY102
A00322999,10122,COM,COM115
A00322999,10051,MAT,MAT050
A00328549,10399,SPA,SPA101
A00294672,10350,AAA,AAA090
A00294672,10543,MAT,MAT050
A00324377,10150,JOU,JOU105
A00324377,10166,PSY,PSY101
A00324377,10007,ECO,ECO201
A00324377,10053,MAT,MAT050
A00321117,10271,HPR,HPR137
A00263711,10202,PHY,PHY105
A00324395,10041,BUS,BUS115
A00324395,10403,ASL,ASL101
A00325630,10209,HPR,HPR112
A00291459,10129,COM,COM125
A00291459,10531,HPR,HPR178
A00282833,10138,BUS,BUS226
A00282833,10075,MAN,MAN230
A00269366,10522,AIMS,AIMS1169
A00269366,10488,AIMS,AIMS1089
A00320528,10269,PHI,PHI114
A00320528,10067,MAT,MAT122
A00320528,10335,ART,ART207
A00314171,10553,AIMS,AIMS091
A00323281,10071,ACC,ACC122
A00315238,10539,ENG,ENG121
A00174500,10211,PED,PED143
A00311561,10192,RTE,RTE183
A00307010,10543,MAT,MAT050
A00139969,10044,PED,PED163
A00287343,10500,AIMS,AIMS1111
A00287343,10116,ENG,ENG122
A00287343,10126,COM,COM125
A00222099,10259,HUM,HUM121
A00222099,10012,HIS,HIS121
A00268742,10326,NUA,NUA101
A00268742,10276,HPR,HPR178
A00268742,10333,NUA,NUA170
A00329200,10245,BIO,BIO105
A00323622,10213,PED,PED128
A00021604,10214,PED,PED102
A00243406,10214,PED,PED102
A00102004,10213,PED,PED128
A00296588,10007,ECO,ECO201
A00296588,10071,ACC,ACC122
A00296588,10123,COM,COM115
A00293877,10098,EMS,EMS123
A00293877,10094,EMS,EMS121
A00293877,10096,EMS,EMS122
A00293877,10100,EMS,EMS124
A00293877,10103,EMS,EMS170
A00134197,10036,SOC,SOC101
A00129610,10495,AIMS,AIMS1106
A00317291,10284,BIO,BIO111
A00310142,10289,BIO,BIO106
A00310142,10057,MAT,MAT107
A00264320,10007,ECO,ECO201
A00264320,10046,BUS,BUS216
A00309954,10159,RTV,RTV242
A00309954,10161,RTV,RTV280
A00309954,10164,RTV,RTV285
A00309954,10149,FVM,FVM169
A00309954,10126,COM,COM125
A00328767,10118,ENG,ENG122
A00312994,10118,ENG,ENG122
A00312994,10169,PSY,PSY235
A00327873,10242,BIO,BIO202
A00318902,10168,PSY,PSY102
A00318902,10127,COM,COM125
A00328719,10011,HIS,HIS102
A00324222,10240,BIO,BIO201
A00324222,10061,HWE,HWE100
A00324222,10328,NUA,NUA170
A00324222,10301,NUA,NUA101
A00318174,10012,HIS,HIS121
A00260222,10537,ENG,ENG121
A00260222,10538,CCR,CCR094
A00313042,10277,HPR,HPR178
A00313042,10166,PSY,PSY101
A00322107,10284,BIO,BIO111
A00319802,10534,ENG,ENG121
A00319802,10350,AAA,AAA090
A00319802,10535,CCR,CCR094
A00328903,10095,EMS,EMS122
A00328903,10093,EMS,EMS121
A00328903,10097,EMS,EMS123
A00328903,10101,EMS,EMS170
A00328903,10099,EMS,EMS124
A00318925,10147,ART,ART139
A00288083,10550,MAT,MAT135
A00288083,10079,HPR,HPR108
A00288083,10319,ART,ART110
A00288083,10284,BIO,BIO111
A00318427,10137,MAT,MAT135
A00324267,10051,MAT,MAT050
A00322951,10480,LIT,LIT255
A00322951,10008,GEO,GEO105
A00322951,10069,MAT,MAT155
A00315546,10270,MUS,MUS120
A00315546,10481,EDU,EDU221
A00297970,10052,MAT,MAT050
A00272994,10059,BUS,BUS217
A00272994,10006,ECO,ECO202
A00326128,10129,COM,COM125
A00326128,10365,ECE,ECE111
A00326128,10364,ECE,ECE103
A00324706,10491,AIMS,AIMS1092
A00324706,10057,MAT,MAT107
A00324706,10369,AAA,AAA090
A00304492,10478,COM,COM115
A00259807,10228,ASE,ASE250
A00259807,10227,ASE,ASE150
A00259807,10226,ASE,ASE140
A00259807,10225,ASE,ASE264
A00259807,10222,ASE,ASE130
A00259807,10223,ASE,ASE134
A00259807,10224,ASE,ASE162
A00299883,10006,ECO,ECO202
A00299883,10007,ECO,ECO201
A00300865,10044,PED,PED163
A00326517,10071,ACC,ACC122
A00304667,10129,COM,COM125
A00304667,10289,BIO,BIO106
A00326505,10145,ART,ART139
A00326505,10236,AAA,AAA090
A00326505,10503,AIMS,AIMS1125
A00212863,10011,HIS,HIS102
A00212863,10145,ART,ART139
A00330223,10478,COM,COM115
A00304784,10057,MAT,MAT107
A00328741,10052,MAT,MAT050
A00328741,10134,ENG,ENG122
A00329768,10259,HUM,HUM121
A00294702,10057,MAT,MAT107
A00328532,10420,ELT,ELT258
A00322611,10284,BIO,BIO111
A00322611,10076,MAT,MAT201
A00322611,10202,PHY,PHY105
A00295553,10070,HWE,HWE100
A00295553,10137,MAT,MAT135
A00261537,10212,PED,PED144
A00271949,10246,BIO,BIO105
A00271949,10480,LIT,LIT255
A00212375,10057,MAT,MAT107
A00318706,10333,NUA,NUA170
A00318706,10039,BTE,BTE255
A00318706,10326,NUA,NUA101
A00301103,10349,COM,COM125
A00301103,10059,BUS,BUS217
A00276299,10065,ACC,ACC121
A00303820,10326,NUA,NUA101
A00303820,10070,HWE,HWE100
A00303820,10333,NUA,NUA170
A00302406,10237,AAA,AAA090
A00302406,10537,ENG,ENG121
A00302406,10051,MAT,MAT050
A00302406,10538,CCR,CCR094
A00296467,10063,MAT,MAT121
A00321807,10531,HPR,HPR178
A00321807,10169,PSY,PSY235
A00248804,10238,BIO,BIO111
A00248804,10387,PSY,PSY249
A00308881,10258,HWE,HWE100
A00308881,10277,HPR,HPR178
A00316288,10065,ACC,ACC121
A00295498,10091,CIS,CIS118
A00295498,10066,HWE,HWE100
A00329970,10474,CIO,CIO076
A00302882,10007,ECO,ECO201
A00326346,10021,PED,PED102
A00288788,10211,PED,PED143
A00288788,10196,PED,PED104
A00327870,10197,RTE,RTE250
A00322708,10391,EMS,EMS130
A00327985,10188,AST,AST101
A00328269,10093,EMS,EMS121
A00319922,10116,ENG,ENG122
A00319922,10384,PSY,PSY101
A00319922,10503,AIMS,AIMS1125
A00319922,10500,AIMS,AIMS1111
A00296825,10022,PED,PED140
A00296825,10211,PED,PED143
A00328572,10273,MAT,MAT107
A00328572,10090,ENG,ENG121
A00326208,10071,ACC,ACC122
A00326208,10059,BUS,BUS217
A00303591,10536,ENG,ENG121
A00319366,10467,WEL,WEL204
A00319366,10455,WEL,WEL203
A00288693,10111,ENG,ENG121
A00302904,10333,NUA,NUA170
A00302904,10326,NUA,NUA101
A00329898,10082,CIS,CIS118
A00329701,10403,ASL,ASL101
A00329701,10234,BIO,BIO105
A00226101,10053,MAT,MAT050
A00226101,10350,AAA,AAA090
A00294984,10104,ENG,ENG121
A00294984,10530,CNG,CNG120
A00328173,10051,MAT,MAT050
A00328173,10239,AAA,AAA090
A00236987,10238,BIO,BIO111
A00327874,10109,ENG,ENG121
A00327874,10127,COM,COM125
A00059610,10021,PED,PED102
A00059610,10061,HWE,HWE100
A00312813,10258,HWE,HWE100
A00312813,10302,NUA,NUA101
A00312813,10329,NUA,NUA170
A00312813,10284,BIO,BIO111
A00325919,10337,ART,ART221
A00314426,10551,BUS,BUS226
A00314426,10071,ACC,ACC122
A00314426,10024,PED,PED143
A00209227,10044,PED,PED163
A00309816,10064,MAT,MAT121
A00315480,10117,ENG,ENG122
A00292647,10117,ENG,ENG122
A00292647,10414,FRE,FRE235
A00318866,10476,CIO,CIO076
A00297717,10093,EMS,EMS121
A00267268,10364,ECE,ECE103
A00213721,10046,BUS,BUS216
A00213721,10073,CIS,CIS155
A00213721,10075,MAN,MAN230
A00329460,10056,MAT,MAT055
A00321607,10082,CIS,CIS118
A00321607,10140,CSC,CSC119
A00312332,10122,COM,COM115
A00278326,10065,ACC,ACC121
A00300535,10289,BIO,BIO106
A00300535,10126,COM,COM125
A00130281,10120,COM,COM115
A00259810,10202,PHY,PHY105
A00315404,10328,NUA,NUA170
A00315404,10301,NUA,NUA101
A00320884,10061,HWE,HWE100
A00320884,10127,COM,COM125
A00320884,10117,ENG,ENG122
A00241619,10258,HWE,HWE100
A00317199,10367,RTV,RTV283
A00323169,10269,PHI,PHI114
A00323169,10480,LIT,LIT255
A00326625,10054,MAT,MAT055
A00326625,10384,PSY,PSY101
A00326625,10236,AAA,AAA090
A00323151,10322,ART,ART121
A00324734,10012,HIS,HIS121
A00324734,10109,ENG,ENG121
A00324734,10258,HWE,HWE100
A00324734,10268,PHI,PHI113
A00324734,10091,CIS,CIS118
A00305963,10479,GEO,GEO105
A00329039,10365,ECE,ECE111
A00219386,10412,FRE,FRE211
A00328869,10006,ECO,ECO202
A00329230,10003,ANT,ANT101
A00207123,10253,HUM,HUM115
A00207123,10003,ANT,ANT101
A00190901,10066,HWE,HWE100
A00310635,10386,PSY,PSY101
A00273621,10228,ASE,ASE250
A00273621,10227,ASE,ASE150
A00318715,10147,ART,ART139
A00286213,10337,ART,ART221
A00302405,10192,RTE,RTE183
A00078442,10037,SOC,SOC218
A00314161,10147,ART,ART139
A00273261,10422,AIMS,AIMS091
A00273261,10319,ART,ART110
A00273261,10365,ECE,ECE111
A00315960,10006,ECO,ECO202
A00315960,10188,AST,AST101
A00318321,10335,ART,ART207
A00318321,10109,ENG,ENG121
A00318321,10269,PHI,PHI114
A00329605,10140,CSC,CSC119
A00307443,10039,BTE,BTE255
A00298733,10265,PHI,PHI111
A00298733,10118,ENG,ENG122
A00293328,10413,FRE,FRE212
A00293328,10409,FRE,FRE112
A00293328,10238,BIO,BIO111
A00293328,10412,FRE,FRE211
A00323915,10056,MAT,MAT055
A00296836,10494,AIMS,AIMS1105
A00325150,10289,BIO,BIO106
A00298787,10352,AVT,AVT111
A00127600,10181,PED,PED128
A00321929,10199,GEY,GEY111
A00321929,10047,BUS,BUS216
A00321929,10173,PED,PED104
A00321929,10178,PED,PED143
A00321929,10403,ASL,ASL101
A00284041,10474,CIO,CIO076
A00294647,10413,FRE,FRE212
A00294647,10004,ANT,ANT107
A00294647,10003,ANT,ANT101
A00305494,10550,MAT,MAT135
A00328450,10040,BUS,BUS115
A00328450,10322,ART,ART121
A00316316,10125,COM,COM115
A00314771,10093,EMS,EMS121
A00321692,10326,NUA,NUA101
A00321692,10276,HPR,HPR178
A00321692,10333,NUA,NUA170
A00312657,10500,AIMS,AIMS1111
A00312657,10108,ENG,ENG121
A00328660,10006,ECO,ECO202
A00328660,10011,HIS,HIS102
A00203130,10116,ENG,ENG122
A00203130,10077,MAT,MAT203
A00203130,10500,AIMS,AIMS1111
A00290721,10555,ENG,ENG122
A00290721,10246,BIO,BIO105
A00290721,10190,AST,AST102
A00321373,10335,ART,ART207
A00315402,10533,EMS,EMS130
A00315402,10417,EMS,EMS135
A00315402,10392,EMS,EMS127
A00315402,10394,EMS,EMS131
A00315402,10395,EMS,EMS133
A00315402,10393,EMS,EMS129
A00315402,10396,EMS,EMS171
A00286912,10195,RTE,RTE183
A00312010,10125,COM,COM115
A00305610,10479,GEO,GEO105
A00305610,10337,ART,ART221
A00305610,10147,ART,ART139
A00023948,10384,PSY,PSY101
A00318792,10464,WEL,WEL201
A00318792,10452,WEL,WEL110
A00318792,10081,CIS,CIS118
A00308452,10386,PSY,PSY101
A00264901,10070,HWE,HWE100
A00264901,10001,BTE,BTE102
A00264901,10083,CIS,CIS118
A00324912,10369,AAA,AAA090
A00301623,10263,PHI,PHI111
A00301623,10010,HIS,HIS101
A00256632,10037,SOC,SOC218
A00256632,10165,PSY,PSY101
A00185424,10073,CIS,CIS155
A00296330,10259,HUM,HUM121
A00289750,10141,ART,ART139
A00313076,10284,BIO,BIO111
A00313337,10280,HPR,HPR178
A00328810,10271,HPR,HPR137
A00326058,10270,MUS,MUS120
A00326058,10052,MAT,MAT050
A00316034,10141,ART,ART139
A00316034,10154,MGD,MGD164
A00316034,10376,AVT,AVT208
A00322825,10256,HUM,HUM115
A00322825,10012,HIS,HIS121
A00127872,10528,ECE,ECE112
A00127872,10365,ECE,ECE111
A00127872,10126,COM,COM125
A00306315,10238,BIO,BIO111
A00306315,10403,ASL,ASL101
A00306315,10061,HWE,HWE100
A00298043,10165,PSY,PSY101
A00298043,10199,GEY,GEY111
A00321475,10006,ECO,ECO202
A00323672,10116,ENG,ENG122
A00323672,10500,AIMS,AIMS1111
A00320294,10399,SPA,SPA101
A00184375,10417,EMS,EMS135
A00184375,10392,EMS,EMS127
A00184375,10393,EMS,EMS129
A00184375,10395,EMS,EMS133
A00184375,10396,EMS,EMS171
A00184375,10394,EMS,EMS131
A00325544,10269,PHI,PHI114
A00325544,10046,BUS,BUS216
A00222279,10197,RTE,RTE250
A00312106,10478,COM,COM115
A00301981,10273,MAT,MAT107
A00325060,10393,EMS,EMS129
A00325060,10392,EMS,EMS127
A00325060,10391,EMS,EMS130
A00325060,10417,EMS,EMS135
A00325060,10395,EMS,EMS133
A00325060,10396,EMS,EMS171
A00325060,10398,FST,FST160
A00325060,10394,EMS,EMS131
A00321645,10271,HPR,HPR137
A00321645,10486,AIMS,AIMS1001
A00321645,10169,PSY,PSY235
A00298979,10221,ASE,ASE111
A00298979,10220,ASE,ASE123
A00298979,10219,ASE,ASE110
A00298979,10218,ASE,ASE122
A00298979,10217,ASE,ASE120
A00298979,10216,ASE,ASE170
A00298979,10215,ASE,ASE101
A00327460,10034,POS,POS111
A00112528,10137,MAT,MAT135
A00112528,10520,AIMS,AIMS1167
A00112528,10296,MUS,MUS141
A00112528,10234,BIO,BIO105
A00270700,10105,EMS,EMS280
A00270700,10107,EMS,EMS281
A00311077,10138,BUS,BUS226
A00319398,10256,HUM,HUM115
A00290620,10368,AVT,AVT112
A00292252,10169,PSY,PSY235
A00292252,10259,HUM,HUM121
A00314544,10178,PED,PED143
A00312578,10500,AIMS,AIMS1111
A00322118,10105,EMS,EMS280
A00322118,10107,EMS,EMS281
A00323059,10435,WEL,WEL203
A00323059,10446,WEL,WEL204
A00303156,10391,EMS,EMS130
A00118830,10120,COM,COM115
A00118830,10040,BUS,BUS115
A00118830,10104,ENG,ENG121
A00323344,10039,BTE,BTE255
A00323344,10030,BTE,BTE108
A00171178,10365,ECE,ECE111
A00329683,10384,PSY,PSY101
A00329683,10016,HIS,HIS225
A00316982,10122,COM,COM115
A00316982,10054,MAT,MAT055
A00257430,10335,ART,ART207
A00308035,10187,RTE,RTE183
A00304774,10165,PSY,PSY101
A00304774,10034,POS,POS111
A00055440,10047,BUS,BUS216
A00328437,10100,EMS,EMS124
A00328437,10096,EMS,EMS122
A00328437,10094,EMS,EMS121
A00328437,10103,EMS,EMS170
A00328437,10098,EMS,EMS123
A00213097,10364,ECE,ECE103
A00301336,10249,BIO,BIO105
A00301336,10118,ENG,ENG122
A00089462,10065,ACC,ACC121
A00273824,10236,AAA,AAA090
A00273824,10053,MAT,MAT050
A00304453,10162,RTV,RTV285
A00304453,10163,RTV,RTV285
A00304453,10152,JOU,JOU106
A00304453,10155,JOU,JOU280
A00304453,10164,RTV,RTV285
A00330216,10009,HIS,HIS101
A00251323,10238,BIO,BIO111
A00251323,10277,HPR,HPR178
A00251323,10052,MAT,MAT050
A00331002,10166,PSY,PSY101
A00331002,10036,SOC,SOC101
A00323689,10191,CHE,CHE101
A00326924,10236,AAA,AAA090
A00326924,10051,MAT,MAT050
A00204643,10044,PED,PED163
A00231955,10044,PED,PED163
A00308504,10094,EMS,EMS121
A00308504,10103,EMS,EMS170
A00308504,10100,EMS,EMS124
A00308504,10098,EMS,EMS123
A00308504,10096,EMS,EMS122
A00324135,10214,PED,PED102
A00322709,10419,EDU,EDU263
A00322660,10003,ANT,ANT101
A00322660,10011,HIS,HIS102
A00326504,10277,HPR,HPR178
A00326504,10129,COM,COM125
A00311666,10037,SOC,SOC218
A00202750,10534,ENG,ENG121
A00202750,10535,CCR,CCR094
A00202750,10012,HIS,HIS121
A00294565,10197,RTE,RTE250
A00315930,10479,GEO,GEO105
A00291437,10528,ECE,ECE112
A00328987,10350,AAA,AAA090
A00328987,10384,PSY,PSY101
A00312850,10236,AAA,AAA090
A00312850,10051,MAT,MAT050
A00318205,10478,COM,COM115
A00327632,10109,ENG,ENG121
A00327632,10268,PHI,PHI113
A00318338,10420,ELT,ELT258
A00329142,10011,HIS,HIS102
A00329142,10555,ENG,ENG122
A00277911,10181,PED,PED128
A00277911,10104,ENG,ENG121
A00289284,10386,PSY,PSY101
A00289284,10013,HIS,HIS121
A00086422,10091,CIS,CIS118
A00254665,10003,ANT,ANT101
A00325798,10034,POS,POS111
A00325798,10012,HIS,HIS121
A00269662,10093,EMS,EMS121
A00269662,10095,EMS,EMS122
A00269662,10097,EMS,EMS123
A00269662,10101,EMS,EMS170
A00269662,10099,EMS,EMS124
A00330130,10337,ART,ART221
A00330130,10145,ART,ART139
A00324271,10365,ECE,ECE111
A00063409,10236,AAA,AAA090
A00328154,10197,RTE,RTE250
A00329512,10140,CSC,CSC119
A00295423,10249,BIO,BIO105
A00295423,10480,LIT,LIT255
A00306329,10541,AVT,AVT213
A00273413,10202,PHY,PHY105
A00273413,10372,AVT,AVT113
A00273413,10352,AVT,AVT111
A00154111,10135,ENG,ENG221
A00313092,10186,AST,AST101
A00316345,10081,CIS,CIS118
A00316345,10133,COM,COM115
A00319576,10030,BTE,BTE108
A00328731,10093,EMS,EMS121
A00328731,10095,EMS,EMS122
A00328731,10097,EMS,EMS123
A00328731,10101,EMS,EMS170
A00328731,10099,EMS,EMS124
A00330047,10473,CIO,CIO076
A00325876,10052,MAT,MAT050
A00325876,10350,AAA,AAA090
A00315251,10540,MAT,MAT121
A00305261,10191,CHE,CHE101
A00307922,10265,PHI,PHI111
A00307922,10009,HIS,HIS101
A00320163,10234,BIO,BIO105
A00320163,10016,HIS,HIS225
A00319169,10426,FST,FST203
A00319169,10425,FST,FST151
A00317633,10134,ENG,ENG122
A00317633,10074,MAT,MAT121
A00329069,10003,ANT,ANT101
A00329069,10186,AST,AST101
A00329069,10008,GEO,GEO105
A00329069,10259,HUM,HUM121
A00281686,10386,PSY,PSY101
A00281686,10013,HIS,HIS121
A00285477,10009,HIS,HIS101
A00285477,10011,HIS,HIS102
A00299013,10246,BIO,BIO105
A00311834,10077,MAT,MAT203
A00303041,10034,POS,POS111
A00283760,10043,PED,PED128
A00283760,10211,PED,PED143
A00063953,10350,AAA,AAA090
A00063953,10073,CIS,CIS155
A00063953,10052,MAT,MAT050
A00063953,10514,AIMS,AIMS1144
A00325577,10328,NUA,NUA170
A00325577,10301,NUA,NUA101
A00315070,10091,CIS,CIS118
A00103021,10181,PED,PED128
A00077951,10181,PED,PED128
A00312971,10110,ENG,ENG121
A00317430,10277,HPR,HPR178
A00317430,10166,PSY,PSY101
A00317430,10326,NUA,NUA101
A00317430,10333,NUA,NUA170
A00328479,10199,GEY,GEY111
A00327329,10082,CIS,CIS118
A00327329,10237,AAA,AAA090
A00328823,10040,BUS,BUS115
A00328823,10237,AAA,AAA090
A00328823,10318,ART,ART110
A00293485,10116,ENG,ENG122
A00293485,10500,AIMS,AIMS1111
A00314567,10276,HPR,HPR178
A00314567,10271,HPR,HPR137
A00293539,10012,HIS,HIS121
A00324337,10006,ECO,ECO202
A00324337,10319,ART,ART110
A00324337,10007,ECO,ECO201
A00315696,10133,COM,COM115
A00320414,10119,ENG,ENG122
A00320414,10056,MAT,MAT055
A00287765,10209,HPR,HPR112
A00329630,10016,HIS,HIS225
A00294497,10259,HUM,HUM121
A00294497,10066,HWE,HWE100
A00320941,10316,ART,ART110
A00320941,10170,PSY,PSY235
A00255280,10191,CHE,CHE101
A00255280,10165,PSY,PSY101
A00287242,10154,MGD,MGD164
A00287242,10164,RTV,RTV285
A00298346,10116,ENG,ENG122
A00298346,10500,AIMS,AIMS1111
A00286211,10181,PED,PED128
A00286211,10022,PED,PED140
A00309460,10046,BUS,BUS216
A00309460,10034,POS,POS111
A00309460,10053,MAT,MAT050
A00309460,10166,PSY,PSY101
A00320756,10133,COM,COM115
A00320756,10011,HIS,HIS102
A00318248,10145,ART,ART139
A00269538,10061,HWE,HWE100
A00325130,10169,PSY,PSY235
A00325130,10037,SOC,SOC218
A00290311,10234,BIO,BIO105
A00268806,10234,BIO,BIO105
A00312878,10104,ENG,ENG121
A00312878,10318,ART,ART110
A00320560,10553,AIMS,AIMS091
A00320560,10329,NUA,NUA170
A00320560,10302,NUA,NUA101
A00320560,10531,HPR,HPR178
A00326034,10328,NUA,NUA170
A00326034,10301,NUA,NUA101
A00191809,10500,AIMS,AIMS1111
A00191809,10054,MAT,MAT055
A00268808,10350,AAA,AAA090
A00268808,10388,PSY,PSY238
A00312810,10265,PHI,PHI111
A00312810,10012,HIS,HIS121
A00318381,10059,BUS,BUS217
A00328768,10053,MAT,MAT050
A00328768,10236,AAA,AAA090
A00235064,10553,AIMS,AIMS091
A00305269,10037,SOC,SOC218
A00315277,10039,BTE,BTE255
A00315277,10075,MAN,MAN230
A00315277,10073,CIS,CIS155
A00315277,10046,BUS,BUS216
A00318799,10416,HWE,HWE111
A00318799,10245,BIO,BIO105
A00318799,10521,AIMS,AIMS1168
A00318799,10134,ENG,ENG122
A00308529,10479,GEO,GEO105
A00076426,10024,PED,PED143
A00293326,10192,RTE,RTE183
A00317754,10066,HWE,HWE100
A00317754,10104,ENG,ENG121
A00296341,10151,JOU,JOU105
A00296341,10159,RTV,RTV242
A00296341,10154,MGD,MGD164
A00310692,10006,ECO,ECO202
A00310692,10416,HWE,HWE111
A00310692,10555,ENG,ENG122
A00328736,10012,HIS,HIS121
A00322789,10111,ENG,ENG121
A00322789,10057,MAT,MAT107
A00322789,10488,AIMS,AIMS1089
A00303058,10412,FRE,FRE211
A00303058,10413,FRE,FRE212
A00303058,10044,PED,PED163
A00303058,10555,ENG,ENG122
A00322266,10533,EMS,EMS130
A00327887,10110,ENG,ENG121
A00327887,10326,NUA,NUA101
A00327887,10333,NUA,NUA170
A00328702,10052,MAT,MAT050
A00311467,10479,GEO,GEO105
A00300599,10065,ACC,ACC121
A00187707,10481,EDU,EDU221
A00187707,10008,GEO,GEO105
A00268502,10090,ENG,ENG121
A00322934,10419,EDU,EDU263
A00180663,10067,MAT,MAT122
A00180663,10481,EDU,EDU221
A00203816,10051,MAT,MAT050
A00298358,10277,HPR,HPR178
A00330781,10564,CIO,CIO076
A00311402,10399,SPA,SPA101
A00309510,10520,AIMS,AIMS1167
A00309510,10014,HIS,HIS122
A00309510,10318,ART,ART110
A00297654,10319,ART,ART110
A00322228,10105,EMS,EMS280
A00322228,10107,EMS,EMS281
A00328576,10096,EMS,EMS122
A00328576,10103,EMS,EMS170
A00328576,10100,EMS,EMS124
A00328576,10098,EMS,EMS123
A00328576,10094,EMS,EMS121
A00303102,10191,CHE,CHE101
A00308049,10528,ECE,ECE112
A00308049,10480,LIT,LIT255
A00307528,10238,BIO,BIO111
A00305624,10399,SPA,SPA101
A00189949,10169,PSY,PSY235
A00189949,10238,BIO,BIO111
A00189949,10239,AAA,AAA090
A00329171,10012,HIS,HIS121
A00290418,10070,HWE,HWE100
A00234070,10041,BUS,BUS115
A00234070,10416,HWE,HWE111
A00307530,10383,MOT,MOT280
A00307530,10061,HWE,HWE100
A00315517,10108,ENG,ENG121
A00315517,10500,AIMS,AIMS1111
A00315517,10082,CIS,CIS118
A00189113,10268,PHI,PHI113
A00189113,10289,BIO,BIO106
A00301745,10296,MUS,MUS141
A00328090,10420,ELT,ELT258
A00319194,10234,BIO,BIO105
A00319194,10040,BUS,BUS115
A00273485,10059,BUS,BUS217
A00273485,10190,AST,AST102
A00309536,10125,COM,COM115
A00309536,10041,BUS,BUS115
A00309536,10059,BUS,BUS217
A00329795,10475,CIO,CIO076
A00314210,10246,BIO,BIO105
A00325941,10443,WEL,WEL201
A00325941,10432,WEL,WEL110
A00325291,10106,CCR,CCR094
A00325291,10102,ENG,ENG121
A00325291,10237,AAA,AAA090
A00195278,10173,PED,PED104
A00322749,10276,HPR,HPR178
A00322749,10256,HUM,HUM115
A00283906,10107,EMS,EMS281
A00283906,10105,EMS,EMS280
A00249713,10513,AIMS,AIMS1135
A00249713,10494,AIMS,AIMS1105
A00249713,10488,AIMS,AIMS1089
A00316852,10050,MAT,MAT121
A00316852,10012,HIS,HIS121
A00316378,10111,ENG,ENG121
A00316965,10328,NUA,NUA170
A00316965,10301,NUA,NUA101
A00313895,10414,FRE,FRE235
A00313895,10168,PSY,PSY102
A00313895,10531,HPR,HPR178
A00258564,10076,MAT,MAT201
A00311349,10277,HPR,HPR178
A00311349,10318,ART,ART110
A00306235,10129,COM,COM125
A00306235,10403,ASL,ASL101
A00306235,10199,GEY,GEY111
A00306235,10134,ENG,ENG122
A00272508,10349,COM,COM125
A00272508,10063,MAT,MAT121
A00272508,10091,CIS,CIS118
A00308146,10064,MAT,MAT121
A00189399,10116,ENG,ENG122
A00310064,10057,MAT,MAT107
A00310064,10165,PSY,PSY101
A00132309,10147,ART,ART139
A00115295,10044,PED,PED163
A00261315,10239,AAA,AAA090
A00261315,10106,CCR,CCR094
A00261315,10102,ENG,ENG121
A00112492,10540,MAT,MAT121
A00276416,10094,EMS,EMS121
A00276416,10096,EMS,EMS122
A00276416,10098,EMS,EMS123
A00276416,10103,EMS,EMS170
A00276416,10100,EMS,EMS124
A00292311,10383,MOT,MOT280
A00324375,10273,MAT,MAT107
A00276479,10192,RTE,RTE183
A00305928,10417,EMS,EMS135
A00305928,10391,EMS,EMS130
A00305928,10396,EMS,EMS171
A00305928,10395,EMS,EMS133
A00305928,10392,EMS,EMS127
A00305928,10393,EMS,EMS129
A00305928,10394,EMS,EMS131
A00218817,10195,RTE,RTE183
A00138206,10173,PED,PED104
A00310160,10047,BUS,BUS216
A00316910,10076,MAT,MAT201
A00316910,10030,BTE,BTE108
A00270489,10271,HPR,HPR137
A00316062,10010,HIS,HIS101
A00268574,10076,MAT,MAT201
A00280567,10003,ANT,ANT101
A00280567,10386,PSY,PSY101
A00209595,10063,MAT,MAT121
A00237821,10297,HPR,HPR180
A00273183,10111,ENG,ENG121
A00273183,10181,PED,PED128
A00327929,10318,ART,ART110
A00327929,10237,AAA,AAA090
A00307017,10017,POS,POS105
A00307017,10004,ANT,ANT107
A00293292,10414,FRE,FRE235
A00302004,10030,BTE,BTE108
A00302004,10073,CIS,CIS155
A00302004,10007,ECO,ECO201
A00314897,10076,MAT,MAT201
A00314897,10186,AST,AST101
A00317038,10263,PHI,PHI111
A00317038,10488,AIMS,AIMS1089
A00317038,10268,PHI,PHI113
A00317038,10065,ACC,ACC121
A00317038,10495,AIMS,AIMS1106
A00249095,10127,COM,COM125
A00249095,10259,HUM,HUM121
A00249095,10056,MAT,MAT055
A00244448,10003,ANT,ANT101
A00244448,10127,COM,COM125
A00239201,10041,BUS,BUS115
A00299052,10258,HWE,HWE100
A00299052,10284,BIO,BIO111
A00320063,10110,ENG,ENG121
A00309771,10188,AST,AST101
A00321693,10214,PED,PED102
A00212861,10214,PED,PED102
A00328695,10205,RTE,RTE291
A00328695,10197,RTE,RTE250
A00325852,10261,HUM,HUM122
A00325852,10259,HUM,HUM121
A00321461,10500,AIMS,AIMS1111
A00321461,10108,ENG,ENG121
A00321461,10013,HIS,HIS121
A00321461,10386,PSY,PSY101
A00321461,10318,ART,ART110
A00303062,10425,FST,FST151
A00303062,10426,FST,FST203
A00268330,10054,MAT,MAT055
A00306455,10302,NUA,NUA101
A00306455,10258,HWE,HWE100
A00306455,10329,NUA,NUA170
A00106794,10188,AST,AST101
A00269455,10302,NUA,NUA101
A00269455,10329,NUA,NUA170
A00316658,10190,AST,AST102
A00316658,10135,ENG,ENG221
A00289526,10065,ACC,ACC121
A00328544,10083,CIS,CIS118
A00313595,10061,HWE,HWE100
A00313595,10276,HPR,HPR178
A00323047,10237,AAA,AAA090
A00323047,10106,CCR,CCR094
A00323047,10102,ENG,ENG121
A00310184,10475,CIO,CIO076
A00316395,10015,HIS,HIS225
A00316395,10133,COM,COM115
A00318222,10108,ENG,ENG121
A00318222,10500,AIMS,AIMS1111
A00314959,10025,PED,PED144
A00314959,10145,ART,ART139
A00314959,10051,MAT,MAT050
A00318136,10253,HUM,HUM115
A00318136,10387,PSY,PSY249
A00314064,10051,MAT,MAT050
A00301741,10061,HWE,HWE100
A00301741,10015,HIS,HIS225
A00311198,10477,CIO,CIO076
A00327906,10133,COM,COM115
A00327906,10199,GEY,GEY111
A00327906,10081,CIS,CIS118
A00319550,10349,COM,COM125
A00035025,10322,ART,ART121
A00330822,10548,EDU,EDU275
A00324812,10533,EMS,EMS130
A00103504,10337,ART,ART221
A00103504,10181,PED,PED128
A00290568,10076,MAT,MAT201
A00314324,10012,HIS,HIS121
A00314721,10514,AIMS,AIMS1144
A00305978,10318,ART,ART110
A00305978,10234,BIO,BIO105
A00305978,10388,PSY,PSY238
A00305978,10387,PSY,PSY249
A00312472,10250,ASE,ASE240
A00312472,10251,ASE,ASE265
A00312472,10254,ASE,ASE151
A00312472,10252,ASE,ASE210
A00312472,10248,ASE,ASE141
A00295828,10064,MAT,MAT121
A00285907,10536,ENG,ENG121
A00267527,10065,ACC,ACC121
A00316063,10494,AIMS,AIMS1105
A00316063,10513,AIMS,AIMS1135
A00316063,10488,AIMS,AIMS1089
A00298759,10137,MAT,MAT135
A00313781,10030,BTE,BTE108
A00327422,10328,NUA,NUA170
A00327422,10301,NUA,NUA101
A00328564,10277,HPR,HPR178
A00298364,10088,CCR,CCR092
A00311778,10388,PSY,PSY238
A00326933,10239,AAA,AAA090
A00326933,10270,MUS,MUS120
A00315527,10056,MAT,MAT055
A00252860,10087,CIS,CIS118
A00252860,10273,MAT,MAT107
A00329540,10474,CIO,CIO076
A00307978,10319,ART,ART110
A00307978,10240,BIO,BIO201
A00297569,10269,PHI,PHI114
A00297569,10118,ENG,ENG122
A00321835,10006,ECO,ECO202
A00321835,10266,PHI,PHI112
A00326454,10475,CIO,CIO076
A00280943,10007,ECO,ECO201
A00280943,10120,COM,COM115
A00248777,10064,MAT,MAT121
A00248777,10178,PED,PED143
A00301326,10259,HUM,HUM121
A00301326,10256,HUM,HUM115
A00301326,10277,HPR,HPR178
A00304603,10081,CIS,CIS118
A00304603,10319,ART,ART110
A00267564,10127,COM,COM125
A00267564,10297,HPR,HPR180
A00267564,10289,BIO,BIO106
A00265694,10315,MUS,MUS241
A00265694,10322,ART,ART121
A00265694,10141,ART,ART139
A00198628,10140,CSC,CSC119
A00198628,10011,HIS,HIS102
A00198628,10046,BUS,BUS216
A00317725,10202,PHY,PHY105
A00175041,10319,ART,ART110
A00175041,10056,MAT,MAT055
A00266419,10011,HIS,HIS102
A00266419,10284,BIO,BIO111
A00207668,10420,ELT,ELT258
A00207668,10552,PRO,PRO280
A00264921,10145,ART,ART139
A00264921,10004,ANT,ANT107
A00328410,10492,AIMS,AIMS1103
A00328410,10236,AAA,AAA090
A00245005,10196,PED,PED104
A00311800,10169,PSY,PSY235
A00311800,10073,CIS,CIS155
A00311800,10271,HPR,HPR137
A00304876,10034,POS,POS111
A00304876,10349,COM,COM125
A00314999,10403,ASL,ASL101
A00314999,10253,HUM,HUM115
A00288981,10242,BIO,BIO202
A00288981,10169,PSY,PSY235
A00314731,10034,POS,POS111
A00315397,10417,EMS,EMS135
A00315397,10392,EMS,EMS127
A00315397,10393,EMS,EMS129
A00315397,10395,EMS,EMS133
A00315397,10394,EMS,EMS131
A00315397,10396,EMS,EMS171
A00266998,10531,HPR,HPR178
A00324025,10138,BUS,BUS226
A00324025,10040,BUS,BUS115
A00324025,10006,ECO,ECO202
A00324025,10064,MAT,MAT121
A00324025,10188,AST,AST101
A00315815,10391,EMS,EMS130
A00106813,10119,ENG,ENG122
A00324564,10173,PED,PED104
A00324564,10167,PSY,PSY102
A00324564,10491,AIMS,AIMS1092
A00324564,10280,HPR,HPR178
A00216373,10419,EDU,EDU263
A00277703,10273,MAT,MAT107
A00292586,10191,CHE,CHE101
A00296295,10399,SPA,SPA101
A00304534,10479,GEO,GEO105
A00323263,10242,BIO,BIO202
A00309602,10253,HUM,HUM115
A00309602,10067,MAT,MAT122
A00311184,10190,AST,AST102
A00321701,10234,BIO,BIO105
A00322908,10052,MAT,MAT050
A00322908,10125,COM,COM115
A00322907,10125,COM,COM115
A00322907,10052,MAT,MAT050
A00304625,10259,HUM,HUM121
A00304625,10335,ART,ART207
A00307609,10302,NUA,NUA101
A00307609,10329,NUA,NUA170
A00302606,10013,HIS,HIS121
A00318970,10137,MAT,MAT135
A00267593,10135,ENG,ENG221
A00267593,10059,BUS,BUS217
A00318412,10140,CSC,CSC119
A00308644,10276,HPR,HPR178
A00308644,10166,PSY,PSY101
A00255486,10141,ART,ART139
A00326275,10109,ENG,ENG121
A00326275,10009,HIS,HIS101
A00301558,10188,AST,AST101
A00301558,10034,POS,POS111
A00322134,10041,BUS,BUS115
A00322134,10007,ECO,ECO201
A00322134,10046,BUS,BUS216
A00212354,10365,ECE,ECE111
A00309437,10234,BIO,BIO105
A00309437,10169,PSY,PSY235
A00319089,10319,ART,ART110
A00319089,10384,PSY,PSY101
A00319089,10064,MAT,MAT121
A00319089,10126,COM,COM125
A00326113,10239,AAA,AAA090
A00326113,10538,CCR,CCR094
A00326113,10537,ENG,ENG121
A00329607,10540,MAT,MAT121
A00219132,10488,AIMS,AIMS1089
A00219132,10145,ART,ART139
A00219132,10116,ENG,ENG122
A00219132,10416,HWE,HWE111
A00219132,10186,AST,AST101
A00219132,10500,AIMS,AIMS1111
A00320987,10391,EMS,EMS130
A00313645,10349,COM,COM125
A00328848,10071,ACC,ACC122
A00302410,10268,PHI,PHI113
A00297896,10383,MOT,MOT280
A00195649,10196,PED,PED104
A00211569,10012,HIS,HIS121
A00319569,10238,BIO,BIO111
A00325812,10122,COM,COM115
A00325812,10082,CIS,CIS118
A00325812,10140,CSC,CSC119
A00317780,10319,ART,ART110
A00317780,10249,BIO,BIO105
A00317780,10119,ENG,ENG122
A00317780,10169,PSY,PSY235
A00315634,10067,MAT,MAT122
A00315634,10266,PHI,PHI112
A00315634,10191,CHE,CHE101
A00315634,10256,HUM,HUM115
A00279715,10046,BUS,BUS216
A00324766,10301,NUA,NUA101
A00324766,10328,NUA,NUA170
A00295637,10043,PED,PED128
A00323025,10043,PED,PED128
A00282791,10116,ENG,ENG122
A00282791,10500,AIMS,AIMS1111
A00310025,10052,MAT,MAT050
A00310025,10106,CCR,CCR094
A00310025,10102,ENG,ENG121
A00281352,10107,EMS,EMS281
A00281352,10105,EMS,EMS280
A00316432,10422,AIMS,AIMS091
A00311944,10374,AVT,AVT203
A00300114,10040,BUS,BUS115
A00300114,10012,HIS,HIS121
A00300114,10056,MAT,MAT055
A00284985,10562,AVT,AVT208
A00317567,10289,BIO,BIO106
A00321218,10190,AST,AST102
A00260916,10154,MGD,MGD164
A00153662,10135,ENG,ENG221
A00317215,10384,PSY,PSY101
A00317215,10140,CSC,CSC119
A00327964,10365,ECE,ECE111
A00327964,10364,ECE,ECE103
A00329796,10012,HIS,HIS121
A00237722,10010,HIS,HIS101
A00237722,10265,PHI,PHI111
A00236966,10063,MAT,MAT121
A00236966,10067,MAT,MAT122
A00263322,10063,MAT,MAT121
A00263322,10090,ENG,ENG121
A00263322,10041,BUS,BUS115
A00239483,10059,BUS,BUS217
A00305063,10242,BIO,BIO202
A00316437,10259,HUM,HUM121
A00316437,10326,NUA,NUA101
A00316437,10333,NUA,NUA170
A00316438,10289,BIO,BIO106
A00285181,10057,MAT,MAT107
A00318103,10265,PHI,PHI111
A00318103,10050,MAT,MAT121
A00299549,10240,BIO,BIO201
A00286284,10126,COM,COM125
A00286284,10083,CIS,CIS118
A00316441,10066,HWE,HWE100
A00306384,10211,PED,PED143
A00238229,10563,PED,PED104
A00329739,10096,EMS,EMS122
A00329739,10094,EMS,EMS121
A00329739,10098,EMS,EMS123
A00329739,10100,EMS,EMS124
A00329739,10103,EMS,EMS170
A00319017,10238,BIO,BIO111
A00319017,10090,ENG,ENG121
A00319017,10120,COM,COM115
A00329442,10473,CIO,CIO076
A00313056,10141,ART,ART139
A00319118,10269,PHI,PHI114
A00319118,10064,MAT,MAT121
A00327020,10024,PED,PED143
A00300819,10034,POS,POS111
A00284994,10273,MAT,MAT107
A00279733,10013,HIS,HIS121
A00279733,10134,ENG,ENG122
A00279733,10527,AIMS,AIMS250
A00324718,10364,ECE,ECE103
A00318592,10117,ENG,ENG122
A00323733,10034,POS,POS111
A00289762,10053,MAT,MAT050
A00289762,10350,AAA,AAA090
A00329651,10168,PSY,PSY102
A00314829,10388,PSY,PSY238
A00291178,10102,ENG,ENG121
A00291178,10106,CCR,CCR094
A00326985,10369,AAA,AAA090
A00326985,10102,ENG,ENG121
A00326985,10322,ART,ART121
A00326985,10106,CCR,CCR094
A00303181,10009,HIS,HIS101
A00303181,10091,CIS,CIS118
A00303181,10269,PHI,PHI114
A00189533,10202,PHY,PHY105
A00284492,10034,POS,POS111
A00284492,10268,PHI,PHI113
A00262745,10188,AST,AST101
A00262745,10190,AST,AST102
A00262745,10007,ECO,ECO201
A00262745,10006,ECO,ECO202
A00319609,10553,AIMS,AIMS091
A00328485,10246,BIO,BIO105
A00279737,10090,ENG,ENG121
A00279737,10273,MAT,MAT107
A00328563,10480,LIT,LIT255
A00328563,10012,HIS,HIS121
A00056341,10280,HPR,HPR178
A00330078,10076,MAT,MAT201
A00306456,10191,CHE,CHE101
A00306805,10152,JOU,JOU106
A00082875,10170,PSY,PSY235
A00313341,10479,GEO,GEO105
A00266330,10107,EMS,EMS281
A00266330,10105,EMS,EMS280
A00325081,10422,AIMS,AIMS091
A00325731,10050,MAT,MAT121
A00309635,10554,CAD,CAD280
A00326460,10091,CIS,CIS118
A00287768,10138,BUS,BUS226
A00287768,10071,ACC,ACC122
A00287768,10006,ECO,ECO202
A00319214,10419,EDU,EDU263
A00242461,10003,ANT,ANT101
A00242461,10109,ENG,ENG121
A00242461,10070,HWE,HWE100
A00306266,10197,RTE,RTE250
A00298129,10265,PHI,PHI111
A00298129,10186,AST,AST101
A00291086,10064,MAT,MAT121
A00291086,10167,PSY,PSY102
A00323290,10021,PED,PED102
A00323290,10277,HPR,HPR178
A00323290,10091,CIS,CIS118
A00298123,10266,PHI,PHI112
A00298123,10240,BIO,BIO201
A00298123,10276,HPR,HPR178
A00298123,10061,HWE,HWE100
A00304066,10458,WEL,WEL230
A00304066,10470,WEL,WEL231
A00303038,10550,MAT,MAT135
A00132291,10052,MAT,MAT050
A00132291,10369,AAA,AAA090
A00132291,10515,AIMS,AIMS1145
A00132291,10503,AIMS,AIMS1125
A00132291,10422,AIMS,AIMS091
A00321528,10126,COM,COM125
A00321528,10387,PSY,PSY249
A00321644,10537,ENG,ENG121
A00321644,10538,CCR,CCR094
A00294641,10094,EMS,EMS121
A00294641,10096,EMS,EMS122
A00294641,10100,EMS,EMS124
A00294641,10103,EMS,EMS170
A00294641,10098,EMS,EMS123
A00315107,10007,ECO,ECO201
A00315107,10065,ACC,ACC121
A00329109,10301,NUA,NUA101
A00329109,10328,NUA,NUA170
A00303120,10246,BIO,BIO105
A00330082,10555,ENG,ENG122
A00330778,10564,CIO,CIO076
A00299121,10301,NUA,NUA101
A00299121,10277,HPR,HPR178
A00299121,10213,PED,PED128
A00299121,10328,NUA,NUA170
A00330081,10555,ENG,ENG122
A00328595,10276,HPR,HPR178
A00328595,10129,COM,COM125
A00328595,10289,BIO,BIO106
A00326404,10043,PED,PED128
A00304768,10137,MAT,MAT135
A00324720,10399,SPA,SPA101
A00324720,10087,CIS,CIS118
A00312737,10129,COM,COM125
A00312737,10087,CIS,CIS118
A00319126,10051,MAT,MAT050
A00319126,10066,HWE,HWE100
A00319126,10236,AAA,AAA090
A00271149,10044,PED,PED163
A00329652,10280,HPR,HPR178
A00329652,10350,AAA,AAA090
A00329652,10051,MAT,MAT050
A00134479,10419,EDU,EDU263
A00328983,10093,EMS,EMS121
A00328983,10097,EMS,EMS123
A00328983,10095,EMS,EMS122
A00328983,10099,EMS,EMS124
A00328983,10101,EMS,EMS170
A00312213,10044,PED,PED163
A00318465,10081,CIS,CIS118
A00307677,10273,MAT,MAT107
A00307677,10527,AIMS,AIMS250
A00307677,10194,GEY,GEY111
A00327531,10097,EMS,EMS123
A00327531,10101,EMS,EMS170
A00327531,10095,EMS,EMS122
A00327531,10093,EMS,EMS121
A00327531,10099,EMS,EMS124
A00303064,10367,RTV,RTV283
A00303064,10123,COM,COM115
A00312100,10297,HPR,HPR180
A00302428,10041,BUS,BUS115
A00318671,10477,CIO,CIO076
A00299632,10006,ECO,ECO202
A00299984,10391,EMS,EMS130
A00299984,10417,EMS,EMS135
A00299984,10393,EMS,EMS129
A00299984,10394,EMS,EMS131
A00299984,10395,EMS,EMS133
A00299984,10396,EMS,EMS171
A00299984,10392,EMS,EMS127
A00312372,10318,ART,ART110
A00312372,10013,HIS,HIS121
A00300313,10551,BUS,BUS226
A00304785,10500,AIMS,AIMS1111
A00304785,10108,ENG,ENG121
A00304785,10253,HUM,HUM115
A00304785,10016,HIS,HIS225
A00262794,10199,GEY,GEY111
A00284014,10105,EMS,EMS280
A00284014,10107,EMS,EMS281
A00235455,10473,CIO,CIO076
A00322065,10011,HIS,HIS102
A00322065,10127,COM,COM125
A00300946,10083,CIS,CIS118
A00300946,10126,COM,COM125
A00326378,10268,PHI,PHI113
A00318221,10006,ECO,ECO202
A00178171,10425,FST,FST151
A00178171,10426,FST,FST203
A00287505,10528,ECE,ECE112
A00326093,10044,PED,PED163
A00289827,10364,ECE,ECE103
A00289827,10365,ECE,ECE111
A00329546,10477,CIO,CIO076
A00321609,10383,MOT,MOT280
A00307683,10481,EDU,EDU221
A00329085,10050,MAT,MAT121
A00314840,10012,HIS,HIS121
A00314840,10319,ART,ART110
A00318790,10318,ART,ART110
A00112874,10249,BIO,BIO105
A00112874,10127,COM,COM125
A00271488,10168,PSY,PSY102
A00271488,10249,BIO,BIO105
A00294012,10008,GEO,GEO105
A00294012,10091,CIS,CIS118
A00320993,10399,SPA,SPA101
A00320993,10041,BUS,BUS115
A00293145,10046,BUS,BUS216
A00293145,10111,ENG,ENG121
A00302575,10531,HPR,HPR178
A00302575,10109,ENG,ENG121
A00302575,10500,AIMS,AIMS1111
A00302575,10137,MAT,MAT135
A00202298,10006,ECO,ECO202
A00202298,10083,CIS,CIS118
A00329089,10565,ELT,ELT258
A00275811,10120,COM,COM115
A00192695,10093,EMS,EMS121
A00192695,10095,EMS,EMS122
A00192695,10097,EMS,EMS123
A00192695,10099,EMS,EMS124
A00192695,10101,EMS,EMS170
A00309423,10383,MOT,MOT280
A00309423,10276,HPR,HPR178
A00330163,10478,COM,COM115
A00312019,10245,BIO,BIO105
A00329930,10550,MAT,MAT135
A00314519,10076,MAT,MAT201
A00314519,10007,ECO,ECO201
A00314519,10480,LIT,LIT255
A00270289,10556,WEL,WEL175
A00280855,10186,AST,AST101
A00133293,10533,EMS,EMS130
A00315063,10236,AAA,AAA090
A00298473,10007,ECO,ECO201
A00298473,10011,HIS,HIS102
A00329440,10399,SPA,SPA101
A00329440,10016,HIS,HIS225
A00244587,10137,MAT,MAT135
A00244587,10190,AST,AST102
A00313723,10276,HPR,HPR178
A00313723,10061,HWE,HWE100
A00313597,10150,JOU,JOU105
A00313597,10426,FST,FST203
A00313597,10425,FST,FST151
A00271209,10012,HIS,HIS121
A00326005,10104,ENG,ENG121
A00326005,10087,CIS,CIS118
A00028711,10269,PHI,PHI114
A00296579,10374,AVT,AVT203
A00304922,10364,ECE,ECE103
A00324219,10051,MAT,MAT050
A00324219,10075,MAN,MAN230
A00324219,10082,CIS,CIS118
A00324219,10236,AAA,AAA090
A00314987,10046,BUS,BUS216
A00314987,10071,ACC,ACC122
A00314987,10073,CIS,CIS155
A00314987,10111,ENG,ENG121
A00276454,10234,BIO,BIO105
A00276454,10043,PED,PED128
A00276454,10318,ART,ART110
A00276454,10014,HIS,HIS122
A00227587,10531,HPR,HPR178
A00227587,10165,PSY,PSY101
A00306547,10284,BIO,BIO111
A00306547,10253,HUM,HUM115
A00320830,10077,MAT,MAT203
A00328535,10100,EMS,EMS124
A00328535,10098,EMS,EMS123
A00328535,10094,EMS,EMS121
A00328535,10103,EMS,EMS170
A00328535,10096,EMS,EMS122
A00292414,10263,PHI,PHI111
A00292414,10016,HIS,HIS225
A00323124,10127,COM,COM125
A00323124,10319,ART,ART110
A00321338,10451,WEL,WEL103
A00321338,10463,WEL,WEL110
A00185119,10037,SOC,SOC218
A00185119,10012,HIS,HIS121
A00322839,10063,MAT,MAT121
A00318615,10108,ENG,ENG121
A00318615,10054,MAT,MAT055
A00318615,10500,AIMS,AIMS1111
A00318615,10236,AAA,AAA090
A00314542,10499,AIMS,AIMS1110
A00329433,10101,EMS,EMS170
A00329433,10099,EMS,EMS124
A00329433,10097,EMS,EMS123
A00329433,10095,EMS,EMS122
A00329433,10093,EMS,EMS121
A00323692,10480,LIT,LIT255
A00323692,10364,ECE,ECE103
A00323692,10365,ECE,ECE111
A00319702,10041,BUS,BUS115
A00319702,10256,HUM,HUM115
A00325015,10042,DAN,DAN131
A00325015,10014,HIS,HIS122
A00325015,10270,MUS,MUS120
A00325732,10006,ECO,ECO202
A00325732,10117,ENG,ENG122
A00325797,10042,DAN,DAN131
A00306026,10030,BTE,BTE108
A00306026,10543,MAT,MAT050
A00296161,10322,ART,ART121
A00296161,10145,ART,ART139
A00299161,10196,PED,PED104
A00299161,10297,HPR,HPR180
A00202585,10006,ECO,ECO202
A00279100,10269,PHI,PHI114
A00282801,10297,HPR,HPR180
A00282801,10289,BIO,BIO106
A00289817,10109,ENG,ENG121
A00289817,10249,BIO,BIO105
A00077961,10477,CIO,CIO076
A00226552,10030,BTE,BTE108
A00226552,10553,AIMS,AIMS091
A00325960,10270,MUS,MUS120
A00304479,10242,BIO,BIO202
A00260279,10531,HPR,HPR178
A00324089,10326,NUA,NUA101
A00324089,10333,NUA,NUA170
A00324089,10276,HPR,HPR178
A00301061,10408,FRE,FRE111
A00301061,10211,PED,PED143
A00306042,10489,AIMS,AIMS1090
A00306042,10087,CIS,CIS118
A00306042,10488,AIMS,AIMS1089
A00129813,10301,NUA,NUA101
A00129813,10328,NUA,NUA170
A00275094,10349,COM,COM125
A00275094,10364,ECE,ECE103
A00329434,10167,PSY,PSY102
A00329434,10388,PSY,PSY238
A00307717,10165,PSY,PSY101
A00307717,10268,PHI,PHI113
A00307717,10266,PHI,PHI112
A00307717,10277,HPR,HPR178
A00307719,10256,HUM,HUM115
A00307719,10277,HPR,HPR178
A00324165,10209,HPR,HPR112
A00307721,10234,BIO,BIO105
A00309108,10416,HWE,HWE111
A00309108,10277,HPR,HPR178
A00323760,10166,PSY,PSY101
A00323760,10135,ENG,ENG221
A00323760,10013,HIS,HIS121
A00323760,10322,ART,ART121
A00317942,10116,ENG,ENG122
A00317942,10123,COM,COM115
A00317942,10500,AIMS,AIMS1111
A00090432,10214,PED,PED102
A00015223,10214,PED,PED102
A00322230,10105,EMS,EMS280
A00322230,10107,EMS,EMS281
A00104910,10548,EDU,EDU275
A00326277,10110,ENG,ENG121
A00316033,10091,CIS,CIS118
A00316033,10127,COM,COM125
A00316033,10329,NUA,NUA170
A00316033,10302,NUA,NUA101
A00279800,10329,NUA,NUA170
A00279800,10302,NUA,NUA101
A00312231,10553,AIMS,AIMS091
A00324044,10057,MAT,MAT107
A00318154,10141,ART,ART139
A00185064,10302,NUA,NUA101
A00185064,10329,NUA,NUA170
A00261392,10165,PSY,PSY101
A00261392,10383,MOT,MOT280
A00292432,10012,HIS,HIS121
A00292432,10036,SOC,SOC101
A00292432,10490,AIMS,AIMS1091
A00329675,10003,ANT,ANT101
A00075089,10548,EDU,EDU275
A00075089,10549,EDU,EDU275
A00089697,10030,BTE,BTE108
A00306782,10234,BIO,BIO105
A00327427,10349,COM,COM125
A00327427,10063,MAT,MAT121
A00327427,10009,HIS,HIS101
A00327427,10165,PSY,PSY101
A00321503,10120,COM,COM115
A00317612,10533,EMS,EMS130
A00210041,10234,BIO,BIO105
A00296965,10170,PSY,PSY235
A00296965,10015,HIS,HIS225
A00253719,10213,PED,PED128
A00318177,10556,WEL,WEL175
A00295107,10258,HWE,HWE100
A00314786,10538,CCR,CCR094
A00314786,10537,ENG,ENG121
A00305576,10050,MAT,MAT121
A00276139,10054,MAT,MAT055
A00276139,10082,CIS,CIS118
A00276139,10014,HIS,HIS122
A00324440,10318,ART,ART110
A00324440,10054,MAT,MAT055
A00329317,10265,PHI,PHI111
A00097712,10555,ENG,ENG122
A00097712,10196,PED,PED104
A00299366,10170,PSY,PSY235
A00299366,10133,COM,COM115
A00324536,10051,MAT,MAT050
A00324536,10277,HPR,HPR178
A00253637,10258,HWE,HWE100
A00253637,10119,ENG,ENG122
A00329772,10473,CIO,CIO076
A00275742,10238,BIO,BIO111
A00275742,10120,COM,COM115
A00215398,10525,AIMS,AIMS1172
A00215398,10504,AIMS,AIMS1126
A00223413,10186,AST,AST101
A00223413,10116,ENG,ENG122
A00223413,10500,AIMS,AIMS1111
A00306810,10273,MAT,MAT107
A00306810,10047,BUS,BUS216
A00287274,10067,MAT,MAT122
A00309867,10091,CIS,CIS118
A00298838,10006,ECO,ECO202
A00298838,10036,SOC,SOC101
A00312918,10190,AST,AST102
A00312918,10012,HIS,HIS121
A00312918,10256,HUM,HUM115
A00290391,10414,FRE,FRE235
A00158909,10173,PED,PED104
A00249883,10030,BTE,BTE108
A00286289,10060,BUS,BUS281
A00313721,10147,ART,ART139
A00313721,10322,ART,ART121
A00259550,10096,EMS,EMS122
A00259550,10094,EMS,EMS121
A00259550,10103,EMS,EMS170
A00259550,10100,EMS,EMS124
A00259550,10098,EMS,EMS123
A00316507,10054,MAT,MAT055
A00316507,10041,BUS,BUS115
A00306657,10191,CHE,CHE101
A00306657,10256,HUM,HUM115
A00321578,10116,ENG,ENG122
A00321578,10500,AIMS,AIMS1111
A00321578,10194,GEY,GEY111
A00329777,10475,CIO,CIO076
A00294009,10250,ASE,ASE240
A00307750,10234,BIO,BIO105
A00307750,10170,PSY,PSY235
A00317040,10050,MAT,MAT121
A00317040,10316,ART,ART110
A00269489,10042,DAN,DAN131
A00310140,10349,COM,COM125
A00310140,10319,ART,ART110
A00137489,10075,MAN,MAN230
A00137489,10268,PHI,PHI113
A00306052,10165,PSY,PSY101
A00306052,10338,ART,ART222
A00306052,10188,AST,AST101
A00206886,10211,PED,PED143
A00304690,10195,RTE,RTE183
A00300006,10455,WEL,WEL203
A00300006,10466,WEL,WEL203
A00300006,10083,CIS,CIS118
A00317032,10067,MAT,MAT122
A00317032,10259,HUM,HUM121
A00325906,10237,AAA,AAA090
A00325906,10119,ENG,ENG122
A00320961,10301,NUA,NUA101
A00320961,10328,NUA,NUA170
A00310758,10261,HUM,HUM122
A00310758,10538,CCR,CCR094
A00310758,10056,MAT,MAT055
A00310758,10537,ENG,ENG121
A00283041,10007,ECO,ECO201
A00283041,10091,CIS,CIS118
A00275804,10455,WEL,WEL203
A00275804,10467,WEL,WEL204
A00315235,10266,PHI,PHI112
A00311649,10007,ECO,ECO201
A00318752,10007,ECO,ECO201
A00312904,10195,RTE,RTE183
A00329948,10092,CCR,CCR094
A00329948,10270,MUS,MUS120
A00329948,10089,ENG,ENG121
A00319479,10479,GEO,GEO105
A00319736,10478,COM,COM115
A00254350,10187,RTE,RTE183
A00254488,10240,BIO,BIO201
A00328637,10097,EMS,EMS123
A00328637,10099,EMS,EMS124
A00328637,10095,EMS,EMS122
A00328637,10093,EMS,EMS121
A00328637,10101,EMS,EMS170
A00312022,10034,POS,POS111
A00312022,10319,ART,ART110
A00305343,10196,PED,PED104
A00301152,10256,HUM,HUM115
A00301152,10016,HIS,HIS225
A00301152,10196,PED,PED104
A00329204,10123,COM,COM115
A00304656,10242,BIO,BIO202
A00243887,10211,PED,PED143
A00243887,10173,PED,PED104
A00243887,10021,PED,PED102
A00243887,10168,PSY,PSY102
A00262229,10269,PHI,PHI114
A00262229,10319,ART,ART110
A00262229,10168,PSY,PSY102
A00295484,10188,AST,AST101
A00320647,10064,MAT,MAT121
A00320647,10123,COM,COM115
A00303463,10022,PED,PED140
A00303463,10021,PED,PED102
A00303463,10024,PED,PED143
A00110962,10335,ART,ART207
A00110962,10036,SOC,SOC101
A00292449,10297,HPR,HPR180
A00322805,10145,ART,ART139
A00322805,10269,PHI,PHI114
A00322805,10003,ANT,ANT101
A00314889,10169,PSY,PSY235
A00316518,10280,HPR,HPR178
A00327536,10123,COM,COM115
A00327536,10249,BIO,BIO105
A00294749,10364,ECE,ECE103
A00303252,10007,ECO,ECO201
A00031447,10205,RTE,RTE291
A00031447,10197,RTE,RTE250
A00307762,10234,BIO,BIO105
A00307762,10061,HWE,HWE100
A00279826,10387,PSY,PSY249
A00178152,10211,PED,PED143
A00315575,10167,PSY,PSY102
A00278637,10006,ECO,ECO202
A00278637,10261,HUM,HUM122
A00320971,10167,PSY,PSY102
A00320971,10004,ANT,ANT107
A00217746,10074,MAT,MAT121
A00217746,10071,ACC,ACC122
A00318553,10481,EDU,EDU221
A00318553,10270,MUS,MUS120
A00290224,10143,MGD,MGD280
A00300399,10249,BIO,BIO105
A00300399,10319,ART,ART110
A00300399,10514,AIMS,AIMS1144
A00300399,10399,SPA,SPA101
A00300399,10276,HPR,HPR178
A00217199,10271,HPR,HPR137
A00309483,10266,PHI,PHI112
A00309483,10480,LIT,LIT255
A00309483,10258,HWE,HWE100
A00323035,10135,ENG,ENG221
A00301009,10129,COM,COM125
A00301009,10011,HIS,HIS102
A00326133,10170,PSY,PSY235
A00326133,10316,ART,ART110
A00308730,10051,MAT,MAT050
A00308730,10104,ENG,ENG121
A00327713,10036,SOC,SOC101
A00318228,10064,MAT,MAT121
A00103611,10271,HPR,HPR137
A00103611,10079,HPR,HPR108
A00103611,10297,HPR,HPR180
A00082663,10229,ASE,ASE221
A00082663,10243,ASE,ASE231
A00082663,10244,ASE,ASE233
A00082663,10247,ASE,ASE235
A00319634,10478,COM,COM115
A00234651,10388,PSY,PSY238
A00220614,10169,PSY,PSY235
A00220614,10258,HWE,HWE100
A00322129,10553,AIMS,AIMS091
A00299204,10514,AIMS,AIMS1144
A00273024,10391,EMS,EMS130
A00273024,10392,EMS,EMS127
A00273024,10393,EMS,EMS129
A00273024,10394,EMS,EMS131
A00273024,10395,EMS,EMS133
A00273024,10396,EMS,EMS171
A00273024,10417,EMS,EMS135
A00327858,10051,MAT,MAT050
A00327858,10539,ENG,ENG121
A00320689,10265,PHI,PHI111
A00320689,10335,ART,ART207
A00018790,10032,BTE,BTE111
A00018790,10046,BUS,BUS216
A00018790,10030,BTE,BTE108
A00018790,10008,GEO,GEO105
A00307771,10259,HUM,HUM121
A00307771,10319,ART,ART110
A00312135,10333,NUA,NUA170
A00312135,10326,NUA,NUA101
A00319219,10265,PHI,PHI111
A00322544,10271,HPR,HPR137
A00309038,10253,HUM,HUM115
A00309038,10194,GEY,GEY111
A00317607,10364,ECE,ECE103
A00317607,10365,ECE,ECE111
A00275527,10534,ENG,ENG121
A00275527,10535,CCR,CCR094
A00315715,10065,ACC,ACC121
A00318485,10107,EMS,EMS281
A00318485,10105,EMS,EMS280
A00319312,10259,HUM,HUM121
A00319312,10333,NUA,NUA170
A00319312,10326,NUA,NUA101
A00303554,10063,MAT,MAT121
A00322152,10488,AIMS,AIMS1089
A00308558,10298,MUS,MUS142
A00268113,10076,MAT,MAT201
A00329034,10059,BUS,BUS217
A00329034,10011,HIS,HIS102
A00137169,10549,EDU,EDU275
A00137169,10548,EDU,EDU275
A00326481,10009,HIS,HIS101
A00326481,10319,ART,ART110
A00329341,10550,MAT,MAT135
A00324118,10126,COM,COM125
A00324118,10531,HPR,HPR178
A00312025,10134,ENG,ENG122
A00312025,10013,HIS,HIS121
A00310567,10302,NUA,NUA101
A00310567,10329,NUA,NUA170
A00290227,10192,RTE,RTE183
A00293180,10063,MAT,MAT121
A00293180,10166,PSY,PSY101
A00287930,10178,PED,PED143
A00273489,10094,EMS,EMS121
A00273489,10096,EMS,EMS122
A00325848,10054,MAT,MAT055
A00325848,10384,PSY,PSY101
A00277820,10415,FRE,FRE275
A00277820,10414,FRE,FRE235
A00277820,10480,LIT,LIT255
A00323854,10074,MAT,MAT121
A00323854,10202,PHY,PHY105
A00261679,10009,HIS,HIS101
A00261679,10190,AST,AST102
A00308555,10268,PHI,PHI113
A00308555,10256,HUM,HUM115
A00312079,10479,GEO,GEO105
A00004451,10043,PED,PED128
A00151541,10214,PED,PED102
A00151541,10406,FRE,FRE101
A00314445,10036,SOC,SOC101
A00314445,10271,HPR,HPR137
A00314445,10297,HPR,HPR180
A00329395,10037,SOC,SOC218
A00320115,10531,HPR,HPR178
A00320916,10091,CIS,CIS118
A00322450,10441,WEL,WEL103
A00322450,10471,WEL,WEL100
A00322450,10427,WEL,WEL101
A00209103,10022,PED,PED140
A00209103,10181,PED,PED128
A00325445,10533,EMS,EMS130
A00137911,10147,ART,ART139
A00137911,10154,MGD,MGD164
A00306520,10059,BUS,BUS217
A00306520,10041,BUS,BUS115
A00306520,10188,AST,AST101
A00306520,10057,MAT,MAT107
A00319931,10168,PSY,PSY102
A00260589,10266,PHI,PHI112
A00324485,10120,COM,COM115
A00324485,10236,AAA,AAA090
A00314438,10422,AIMS,AIMS091
A00307788,10007,ECO,ECO201
A00307788,10046,BUS,BUS216
A00307788,10059,BUS,BUS217
A00307788,10065,ACC,ACC121
A00322226,10105,EMS,EMS280
A00322226,10107,EMS,EMS281
A00326333,10109,ENG,ENG121
A00326333,10386,PSY,PSY101
A00326333,10245,BIO,BIO105
A00316549,10123,COM,COM115
A00289891,10105,EMS,EMS280
A00289891,10107,EMS,EMS281
A00319654,10105,EMS,EMS280
A00319654,10107,EMS,EMS281
A00317728,10236,AAA,AAA090
A00317728,10052,MAT,MAT050
A00316550,10480,LIT,LIT255
A00316550,10012,HIS,HIS121
A00329445,10473,CIO,CIO076
A00290698,10127,COM,COM125
A00290698,10137,MAT,MAT135
A00295245,10111,ENG,ENG121
A00295245,10271,HPR,HPR137
A00324114,10383,MOT,MOT280
A00324114,10127,COM,COM125
A00324114,10057,MAT,MAT107
A00326115,10238,BIO,BIO111
A00309446,10134,ENG,ENG122
A00309446,10087,CIS,CIS118
A00309446,10013,HIS,HIS121
A00254786,10166,PSY,PSY101
A00311409,10531,HPR,HPR178
A00311409,10066,HWE,HWE100
A00310070,10470,WEL,WEL231
A00310070,10458,WEL,WEL230
A00318434,10249,BIO,BIO105
A00318434,10256,HUM,HUM115
A00328191,10106,CCR,CCR094
A00328191,10102,ENG,ENG121
A00328191,10237,AAA,AAA090
A00308343,10261,HUM,HUM122
A00308343,10046,BUS,BUS216
A00314093,10386,PSY,PSY101
A00296035,10350,AAA,AAA090
A00296035,10543,MAT,MAT050
A00329670,10165,PSY,PSY101
A00329670,10006,ECO,ECO202
A00221138,10199,GEY,GEY111
A00221138,10006,ECO,ECO202
A00130087,10500,AIMS,AIMS1111
A00326808,10398,FST,FST160
A00251303,10403,ASL,ASL101
A00251303,10236,AAA,AAA090
A00251303,10082,CIS,CIS118
A00311665,10059,BUS,BUS217
A00319511,10543,MAT,MAT050
A00319511,10240,BIO,BIO201
A00319511,10271,HPR,HPR137
A00015783,10214,PED,PED102
A00313078,10481,EDU,EDU221
A00326919,10051,MAT,MAT050
A00326919,10239,AAA,AAA090
A00288896,10102,ENG,ENG121
A00288896,10106,CCR,CCR094
A00330782,10564,CIO,CIO076
A00321770,10014,HIS,HIS122
A00321770,10054,MAT,MAT055
A00317961,10237,AAA,AAA090
A00321318,10335,ART,ART207
A00221224,10006,ECO,ECO202
A00221224,10017,POS,POS105
A00221224,10129,COM,COM125
A00221224,10269,PHI,PHI114
A00221224,10119,ENG,ENG122
A00312333,10093,EMS,EMS121
A00325134,10391,EMS,EMS130
A00313598,10459,WEL,WEL231
A00313598,10438,WEL,WEL230
A00329066,10420,ELT,ELT258
A00329358,10384,PSY,PSY101
A00329358,10017,POS,POS105
A00329358,10140,CSC,CSC119
A00329358,10178,PED,PED143
A00327360,10188,AST,AST101
A00319122,10479,GEO,GEO105
A00290152,10052,MAT,MAT050
A00290152,10276,HPR,HPR178
A00296171,10041,BUS,BUS115
A00296171,10059,BUS,BUS217
A00325831,10042,DAN,DAN131
A00325831,10091,CIS,CIS118
A00327171,10063,MAT,MAT121
A00321286,10237,AAA,AAA090
A00321286,10052,MAT,MAT050
A00313787,10137,MAT,MAT135
A00294046,10052,MAT,MAT050
A00319490,10328,NUA,NUA170
A00319490,10301,NUA,NUA101
A00265838,10090,ENG,ENG121
A00265838,10122,COM,COM115
A00265838,10143,MGD,MGD280
A00287690,10069,MAT,MAT155
A00316562,10302,NUA,NUA101
A00316562,10329,NUA,NUA170
A00316652,10301,NUA,NUA101
A00316652,10277,HPR,HPR178
A00316652,10328,NUA,NUA170
A00178724,10199,GEY,GEY111
A00178724,10111,ENG,ENG121
A00300467,10335,ART,ART207
A00300467,10006,ECO,ECO202
A00318086,10494,AIMS,AIMS1105
A00277365,10034,POS,POS111
A00303199,10271,HPR,HPR137
A00303199,10137,MAT,MAT135
A00303199,10391,EMS,EMS130
A00282589,10191,CHE,CHE101
A00321051,10173,PED,PED104
A00321051,10126,COM,COM125
A00321051,10167,PSY,PSY102
A00327738,10137,MAT,MAT135
A00136008,10012,HIS,HIS121
A00136008,10041,BUS,BUS115
A00315059,10412,FRE,FRE211
A00315059,10167,PSY,PSY102
A00315059,10263,PHI,PHI111
A00317635,10066,HWE,HWE100
A00317635,10125,COM,COM115
A00316963,10277,HPR,HPR178
A00303841,10011,HIS,HIS102
A00303841,10259,HUM,HUM121
A00303841,10318,ART,ART110
A00310246,10540,MAT,MAT121
A00008966,10024,PED,PED143
A00309325,10138,BUS,BUS226
A00293677,10166,PSY,PSY101
A00308925,10263,PHI,PHI111
A00308925,10034,POS,POS111
A00280661,10328,NUA,NUA170
A00280661,10301,NUA,NUA101
A00280661,10238,BIO,BIO111
A00325319,10297,HPR,HPR180
A00287248,10053,MAT,MAT050
A00323841,10266,PHI,PHI112
A00323841,10053,MAT,MAT050
A00323841,10129,COM,COM125
A00323841,10110,ENG,ENG121
A00328609,10329,NUA,NUA170
A00328609,10302,NUA,NUA101
A00321546,10140,CSC,CSC119
A00321546,10137,MAT,MAT135
A00324879,10284,BIO,BIO111
A00324879,10531,HPR,HPR178
A00316747,10543,MAT,MAT050
A00316747,10040,BUS,BUS115
A00307021,10195,RTE,RTE183
A00318369,10446,WEL,WEL204
A00318369,10435,WEL,WEL203
A00212911,10387,PSY,PSY249
A00212911,10191,CHE,CHE101
A00323320,10109,ENG,ENG121
A00318356,10109,ENG,ENG121
A00315423,10533,EMS,EMS130
A00302301,10036,SOC,SOC101
A00302301,10480,LIT,LIT255
A00297835,10111,ENG,ENG121
A00131923,10152,JOU,JOU106
A00131923,10149,FVM,FVM169
A00308878,10015,HIS,HIS225
A00258370,10052,MAT,MAT050
A00272109,10050,MAT,MAT121
A00321928,10133,COM,COM115
A00321928,10015,HIS,HIS225
A00327182,10259,HUM,HUM121
A00300008,10167,PSY,PSY102
A00300008,10137,MAT,MAT135
A00300008,10263,PHI,PHI111
A00287713,10165,PSY,PSY101
A00287713,10037,SOC,SOC218
A00287713,10349,COM,COM125
A00287713,10169,PSY,PSY235
A00312451,10273,MAT,MAT107
A00278544,10119,ENG,ENG122
A00278544,10170,PSY,PSY235
A00295302,10006,ECO,ECO202
A00264257,10528,ECE,ECE112
A00264257,10052,MAT,MAT050
A00326847,10350,AAA,AAA090
A00326847,10087,CIS,CIS118
A00326847,10261,HUM,HUM122
A00292202,10531,HPR,HPR178
A00318238,10397,FST,FST280
A00295677,10087,CIS,CIS118
A00295677,10047,BUS,BUS216
A00302982,10122,COM,COM115
A00302982,10004,ANT,ANT107
A00316587,10106,CCR,CCR094
A00316587,10102,ENG,ENG121
A00322593,10133,COM,COM115
A00307835,10256,HUM,HUM115
A00307835,10259,HUM,HUM121
A00307835,10268,PHI,PHI113
A00312950,10387,PSY,PSY249
A00312950,10388,PSY,PSY238
A00321011,10384,PSY,PSY101
A00307839,10188,AST,AST101
A00290546,10234,BIO,BIO105
A00290546,10122,COM,COM115
A00328425,10095,EMS,EMS122
A00328425,10097,EMS,EMS123
A00328425,10099,EMS,EMS124
A00328425,10101,EMS,EMS170
A00328425,10093,EMS,EMS121
A00330042,10531,HPR,HPR178
A00330042,10011,HIS,HIS102
A00317841,10191,CHE,CHE101
A00171967,10364,ECE,ECE103
A00289796,10480,LIT,LIT255
A00289796,10388,PSY,PSY238
A00289796,10491,AIMS,AIMS1092
A00320772,10091,CIS,CIS118
A00318693,10268,PHI,PHI113
A00318693,10256,HUM,HUM115
A00318693,10289,BIO,BIO106
A00314053,10075,MAN,MAN230
A00205784,10009,HIS,HIS101
A00297315,10191,CHE,CHE101
A00322783,10408,FRE,FRE111
A00322783,10076,MAT,MAT201
A00322780,10550,MAT,MAT135
A00312642,10329,NUA,NUA170
A00312642,10302,NUA,NUA101
A00327476,10099,EMS,EMS124
A00327476,10097,EMS,EMS123
A00327476,10095,EMS,EMS122
A00327476,10093,EMS,EMS121
A00327476,10101,EMS,EMS170
A00318541,10364,ECE,ECE103
A00290075,10003,ANT,ANT101
A00292009,10192,RTE,RTE183
A00318982,10059,BUS,BUS217
A00313499,10125,COM,COM115
A00313499,10186,AST,AST101
A00329065,10364,ECE,ECE103
A00330016,10399,SPA,SPA101
A00323711,10069,MAT,MAT155
A00323711,10104,ENG,ENG121
A00316053,10165,PSY,PSY101
A00316053,10365,ECE,ECE111
A00316053,10129,COM,COM125
A00266826,10081,CIS,CIS118
A00327439,10057,MAT,MAT107
A00327439,10209,HPR,HPR112
A00328569,10091,CIS,CIS118
A00288123,10364,ECE,ECE103
A00311694,10335,ART,ART207
A00311694,10169,PSY,PSY235
A00311694,10296,MUS,MUS141
A00217938,10197,RTE,RTE250
A00217938,10205,RTE,RTE291
A00328514,10012,HIS,HIS121
A00328514,10117,ENG,ENG122
A00275403,10555,ENG,ENG122
A00275403,10550,MAT,MAT135
A00275403,10284,BIO,BIO111
A00328638,10384,PSY,PSY101
A00328638,10318,ART,ART110
A00328638,10046,BUS,BUS216
A00328638,10350,AAA,AAA090
A00322566,10413,FRE,FRE212
A00325327,10056,MAT,MAT055
A00325056,10071,ACC,ACC122
A00325056,10073,CIS,CIS155
A00317814,10329,NUA,NUA170
A00317814,10302,NUA,NUA101
A00297325,10240,BIO,BIO201
A00290750,10123,COM,COM115
A00328577,10059,BUS,BUS217
A00330725,10565,ELT,ELT258
A00315631,10479,GEO,GEO105
A00315631,10169,PSY,PSY235
A00009189,10213,PED,PED128
A00310433,10256,HUM,HUM115
A00310433,10319,ART,ART110
A00329474,10141,ART,ART139
A00312137,10003,ANT,ANT101
A00312137,10034,POS,POS111
A00089448,10550,MAT,MAT135
A00089448,10073,CIS,CIS155
A00219093,10034,POS,POS111
A00305131,10003,ANT,ANT101
A00319478,10479,GEO,GEO105
A00309584,10186,AST,AST101
A00157596,10091,CIS,CIS118
A00157596,10073,CIS,CIS155
A00031467,10420,ELT,ELT258
A00316670,10349,COM,COM125
A00326587,10097,EMS,EMS123
A00326587,10095,EMS,EMS122
A00326587,10099,EMS,EMS124
A00326587,10093,EMS,EMS121
A00326587,10101,EMS,EMS170
A00322740,10117,ENG,ENG122
A00309878,10297,HPR,HPR180
A00318947,10537,ENG,ENG121
A00318947,10538,CCR,CCR094
A00318947,10051,MAT,MAT050
A00318947,10237,AAA,AAA090
A00290847,10194,GEY,GEY111
A00290847,10422,AIMS,AIMS091
A00323833,10162,RTV,RTV285
A00323833,10154,MGD,MGD164
A00328794,10277,HPR,HPR178
A00328794,10127,COM,COM125
A00221190,10141,ART,ART139
A00311930,10046,BUS,BUS216
A00311930,10012,HIS,HIS121
A00311930,10008,GEO,GEO105
A00323206,10006,ECO,ECO202
A00323206,10118,ENG,ENG122
A00301889,10126,COM,COM125
A00315142,10057,MAT,MAT107
A00315142,10091,CIS,CIS118
A00163428,10044,PED,PED163
A00314755,10046,BUS,BUS216
A00314755,10178,PED,PED143
A00318822,10365,ECE,ECE111
A00300172,10301,NUA,NUA101
A00300172,10328,NUA,NUA170
A00300172,10284,BIO,BIO111
A00318930,10478,COM,COM115
A00324607,10120,COM,COM115
A00324607,10008,GEO,GEO105
A00326878,10533,EMS,EMS130
A00291618,10059,BUS,BUS217
A00291618,10259,HUM,HUM121
A00329718,10095,EMS,EMS122
A00329718,10093,EMS,EMS121
A00329718,10101,EMS,EMS170
A00329718,10099,EMS,EMS124
A00329718,10097,EMS,EMS123
A00307029,10528,ECE,ECE112
A00192611,10213,PED,PED128
A00329115,10009,HIS,HIS101
A00314073,10109,ENG,ENG121
A00314073,10169,PSY,PSY235
A00304320,10258,HWE,HWE100
A00293200,10104,ENG,ENG121
A00301183,10555,ENG,ENG122
A00323599,10015,HIS,HIS225
A00323599,10319,ART,ART110
A00320443,10109,ENG,ENG121
A00297935,10186,AST,AST101
A00321785,10008,GEO,GEO105
A00312931,10070,HWE,HWE100
A00299291,10167,PSY,PSY102
A00299291,10387,PSY,PSY249
A00330787,10564,CIO,CIO076
